Time,loss,timestamp,thr,Anomaly
2004-02-15 13:02:39,3.0330865408195407,2004-02-15 13:02:39,9.814509766319762,False
2004-02-15 13:12:39,3.1601202834789675,2004-02-15 13:12:39,9.814509766319762,False
2004-02-15 13:22:39,2.971091616787048,2004-02-15 13:22:39,9.814509766319762,False
2004-02-15 13:32:39,2.3296603785117216,2004-02-15 13:32:39,9.814509766319762,False
2004-02-15 13:42:39,2.073407392194416,2004-02-15 13:42:39,9.814509766319762,False
2004-02-15 13:52:39,2.804522956047946,2004-02-15 13:52:39,9.814509766319762,False
2004-02-15 14:02:39,2.823117292608888,2004-02-15 14:02:39,9.814509766319762,False
2004-02-15 14:12:39,2.708063393053052,2004-02-15 14:12:39,9.814509766319762,False
2004-02-15 14:22:39,3.1279541730657465,2004-02-15 14:22:39,9.814509766319762,False
2004-02-15 14:32:39,3.3767369816471295,2004-02-15 14:32:39,9.814509766319762,False
2004-02-15 14:42:39,2.791858182469034,2004-02-15 14:42:39,9.814509766319762,False
2004-02-15 14:52:39,3.4734282444082143,2004-02-15 14:52:39,9.814509766319762,False
2004-02-15 15:02:39,3.8694071354071204,2004-02-15 15:02:39,9.814509766319762,False
2004-02-15 15:12:39,2.7981855492647814,2004-02-15 15:12:39,9.814509766319762,False
2004-02-15 15:22:39,3.589100480933478,2004-02-15 15:22:39,9.814509766319762,False
2004-02-15 15:32:39,3.29079478898671,2004-02-15 15:32:39,9.814509766319762,False
2004-02-15 15:42:39,2.1346389033346704,2004-02-15 15:42:39,9.814509766319762,False
2004-02-15 15:52:39,2.886432711381573,2004-02-15 15:52:39,9.814509766319762,False
2004-02-15 16:02:39,3.623766844621984,2004-02-15 16:02:39,9.814509766319762,False
2004-02-15 16:12:39,3.3276196223742307,2004-02-15 16:12:39,9.814509766319762,False
2004-02-15 16:22:39,3.3052177099182622,2004-02-15 16:22:39,9.814509766319762,False
2004-02-15 16:32:39,3.310174133341982,2004-02-15 16:32:39,9.814509766319762,False
2004-02-15 16:42:39,3.9363691647886663,2004-02-15 16:42:39,9.814509766319762,False
2004-02-15 16:52:39,3.7613260839352316,2004-02-15 16:52:39,9.814509766319762,False
2004-02-15 17:02:39,2.0485150159073218,2004-02-15 17:02:39,9.814509766319762,False
2004-02-15 17:12:39,2.861831573782183,2004-02-15 17:12:39,9.814509766319762,False
2004-02-15 17:22:39,3.9827653464136965,2004-02-15 17:22:39,9.814509766319762,False
2004-02-15 17:32:39,3.9607505899914903,2004-02-15 17:32:39,9.814509766319762,False
2004-02-15 17:42:39,3.093247361219472,2004-02-15 17:42:39,9.814509766319762,False
2004-02-15 17:52:39,2.6153201093942857,2004-02-15 17:52:39,9.814509766319762,False
2004-02-15 18:02:39,2.990727185362888,2004-02-15 18:02:39,9.814509766319762,False
2004-02-15 18:12:39,3.4836035271572166,2004-02-15 18:12:39,9.814509766319762,False
2004-02-15 18:22:39,2.913027534056461,2004-02-15 18:22:39,9.814509766319762,False
2004-02-15 18:32:39,3.6096548270001523,2004-02-15 18:32:39,9.814509766319762,False
2004-02-15 18:42:39,3.6811174668745235,2004-02-15 18:42:39,9.814509766319762,False
2004-02-15 18:52:39,2.5232328404412514,2004-02-15 18:52:39,9.814509766319762,False
2004-02-15 19:02:39,3.0508721986698646,2004-02-15 19:02:39,9.814509766319762,False
2004-02-15 19:12:39,3.6327802500172277,2004-02-15 19:12:39,9.814509766319762,False
2004-02-15 19:22:39,3.13148376811065,2004-02-15 19:22:39,9.814509766319762,False
2004-02-15 19:32:39,3.3658899440771752,2004-02-15 19:32:39,9.814509766319762,False
2004-02-15 19:42:39,3.8503239150477904,2004-02-15 19:42:39,9.814509766319762,False
2004-02-15 19:52:39,2.9884666873713823,2004-02-15 19:52:39,9.814509766319762,False
2004-02-15 20:02:39,3.751167793727483,2004-02-15 20:02:39,9.814509766319762,False
2004-02-15 20:12:39,5.165047716331487,2004-02-15 20:12:39,9.814509766319762,False
2004-02-15 20:22:39,4.579097902219692,2004-02-15 20:22:39,9.814509766319762,False
2004-02-15 20:32:39,3.5540950695438163,2004-02-15 20:32:39,9.814509766319762,False
2004-02-15 20:42:39,3.442376815635619,2004-02-15 20:42:39,9.814509766319762,False
2004-02-15 20:52:39,4.0872796884578175,2004-02-15 20:52:39,9.814509766319762,False
2004-02-15 21:02:39,4.462492187911311,2004-02-15 21:02:39,9.814509766319762,False
2004-02-15 21:12:39,3.7441246284031067,2004-02-15 21:12:39,9.814509766319762,False
2004-02-15 21:22:39,3.237812980039612,2004-02-15 21:22:39,9.814509766319762,False
2004-02-15 21:32:39,2.8030959573307443,2004-02-15 21:32:39,9.814509766319762,False
2004-02-15 21:42:39,3.322609310949374,2004-02-15 21:42:39,9.814509766319762,False
2004-02-15 21:52:39,4.576038561349029,2004-02-15 21:52:39,9.814509766319762,False
2004-02-15 22:02:39,4.179085884142858,2004-02-15 22:02:39,9.814509766319762,False
2004-02-15 22:12:39,3.0405696895065897,2004-02-15 22:12:39,9.814509766319762,False
2004-02-15 22:22:39,2.417063295473579,2004-02-15 22:22:39,9.814509766319762,False
2004-02-15 22:32:39,2.870097320326359,2004-02-15 22:32:39,9.814509766319762,False
2004-02-15 22:42:39,2.8612936999959286,2004-02-15 22:42:39,9.814509766319762,False
2004-02-15 22:52:39,2.600913895141884,2004-02-15 22:52:39,9.814509766319762,False
2004-02-15 23:02:39,3.1534338952626135,2004-02-15 23:02:39,9.814509766319762,False
2004-02-15 23:12:39,3.3139061445676745,2004-02-15 23:12:39,9.814509766319762,False
2004-02-15 23:22:39,2.948972147138939,2004-02-15 23:22:39,9.814509766319762,False
2004-02-15 23:32:39,2.1881786044937725,2004-02-15 23:32:39,9.814509766319762,False
2004-02-15 23:42:39,2.918093944760159,2004-02-15 23:42:39,9.814509766319762,False
2004-02-15 23:52:39,5.047141951066846,2004-02-15 23:52:39,9.814509766319762,False
2004-02-16 00:02:39,4.715919453659451,2004-02-16 00:02:39,9.814509766319762,False
2004-02-16 00:12:39,3.37864605980079,2004-02-16 00:12:39,9.814509766319762,False
2004-02-16 00:22:39,3.491027009846896,2004-02-16 00:22:39,9.814509766319762,False
2004-02-16 00:32:39,3.251884536764481,2004-02-16 00:32:39,9.814509766319762,False
2004-02-16 00:42:39,2.996132749007122,2004-02-16 00:42:39,9.814509766319762,False
2004-02-16 00:52:39,3.573425510329426,2004-02-16 00:52:39,9.814509766319762,False
2004-02-16 01:02:39,4.002678246144166,2004-02-16 01:02:39,9.814509766319762,False
2004-02-16 01:12:39,3.124855191506385,2004-02-16 01:12:39,9.814509766319762,False
2004-02-16 01:22:39,3.679682713568315,2004-02-16 01:22:39,9.814509766319762,False
2004-02-16 01:32:39,3.819782164510611,2004-02-16 01:32:39,9.814509766319762,False
2004-02-16 01:42:39,3.9414956329746875,2004-02-16 01:42:39,9.814509766319762,False
2004-02-16 01:52:39,4.214325131507076,2004-02-16 01:52:39,9.814509766319762,False
2004-02-16 02:02:39,4.526946323592371,2004-02-16 02:02:39,9.814509766319762,False
2004-02-16 02:12:39,4.06730271654186,2004-02-16 02:12:39,9.814509766319762,False
2004-02-16 02:22:39,3.18185772793035,2004-02-16 02:22:39,9.814509766319762,False
2004-02-16 02:32:39,2.9885866654398776,2004-02-16 02:32:39,9.814509766319762,False
2004-02-16 02:42:39,3.760942633032149,2004-02-16 02:42:39,9.814509766319762,False
2004-02-16 02:52:39,4.442027307498288,2004-02-16 02:52:39,9.814509766319762,False
2004-02-16 03:02:39,3.6216141552120305,2004-02-16 03:02:39,9.814509766319762,False
2004-02-16 03:12:39,5.661281821129912,2004-02-16 03:12:39,9.814509766319762,False
2004-02-16 03:22:39,8.786491625839178,2004-02-16 03:22:39,9.814509766319762,False
2004-02-16 03:32:39,10.258834260309678,2004-02-16 03:32:39,9.814509766319762,True
2004-02-16 03:42:39,10.072492623934858,2004-02-16 03:42:39,9.814509766319762,True
2004-02-16 03:52:39,9.153262117986475,2004-02-16 03:52:39,9.814509766319762,False
2004-02-16 04:02:39,9.599766907532572,2004-02-16 04:02:39,9.814509766319762,False
2004-02-16 04:12:39,12.03457719011478,2004-02-16 04:12:39,9.814509766319762,True
2004-02-16 04:22:39,12.34266502208155,2004-02-16 04:22:39,9.814509766319762,True
2004-02-16 04:32:39,9.713587062308928,2004-02-16 04:32:39,9.814509766319762,False
2004-02-16 04:42:39,8.6448402015557,2004-02-16 04:42:39,9.814509766319762,False
2004-02-16 04:52:39,9.49667283272319,2004-02-16 04:52:39,9.814509766319762,False
2004-02-16 05:02:39,10.833585370945228,2004-02-16 05:02:39,9.814509766319762,True
2004-02-16 05:12:39,11.119439484030599,2004-02-16 05:12:39,9.814509766319762,True
2004-02-16 05:22:39,12.097944178782871,2004-02-16 05:22:39,9.814509766319762,True
2004-02-16 05:32:39,12.370976381394078,2004-02-16 05:32:39,9.814509766319762,True
2004-02-16 05:42:39,11.389485271298756,2004-02-16 05:42:39,9.814509766319762,True
2004-02-16 05:52:39,12.76315131463469,2004-02-16 05:52:39,9.814509766319762,True
2004-02-16 06:02:39,13.873935907906528,2004-02-16 06:02:39,9.814509766319762,True
2004-02-16 06:12:39,14.660575603384775,2004-02-16 06:12:39,9.814509766319762,True
2004-02-16 06:22:39,13.801747490027978,2004-02-16 06:22:39,9.814509766319762,True
2004-02-16 06:32:39,12.175490964777248,2004-02-16 06:32:39,9.814509766319762,True
2004-02-16 06:42:39,12.742439080062976,2004-02-16 06:42:39,9.814509766319762,True
2004-02-16 06:52:39,13.930758226253944,2004-02-16 06:52:39,9.814509766319762,True
2004-02-16 07:02:39,15.160440682548947,2004-02-16 07:02:39,9.814509766319762,True
2004-02-16 07:12:39,14.313955109682995,2004-02-16 07:12:39,9.814509766319762,True
2004-02-16 07:22:39,15.10831591437514,2004-02-16 07:22:39,9.814509766319762,True
2004-02-16 07:32:39,14.981369014945743,2004-02-16 07:32:39,9.814509766319762,True
2004-02-16 07:42:39,14.022378616634258,2004-02-16 07:42:39,9.814509766319762,True
2004-02-16 07:52:39,15.995585821439567,2004-02-16 07:52:39,9.814509766319762,True
2004-02-16 08:02:39,15.534444043049445,2004-02-16 08:02:39,9.814509766319762,True
2004-02-16 08:12:39,14.521903269453768,2004-02-16 08:12:39,9.814509766319762,True
2004-02-16 08:22:39,15.54147493186548,2004-02-16 08:22:39,9.814509766319762,True
2004-02-16 08:32:39,14.793052801357964,2004-02-16 08:32:39,9.814509766319762,True
2004-02-16 08:42:39,14.202528830673904,2004-02-16 08:42:39,9.814509766319762,True
2004-02-16 08:52:39,15.004733033298944,2004-02-16 08:52:39,9.814509766319762,True
2004-02-16 09:02:39,14.161943563510508,2004-02-16 09:02:39,9.814509766319762,True
2004-02-16 09:12:39,13.766885648537999,2004-02-16 09:12:39,9.814509766319762,True
2004-02-16 09:22:39,14.851689207803341,2004-02-16 09:22:39,9.814509766319762,True
2004-02-16 09:32:39,15.427293736421277,2004-02-16 09:32:39,9.814509766319762,True
2004-02-16 09:42:39,16.279396903657304,2004-02-16 09:42:39,9.814509766319762,True
2004-02-16 09:52:39,16.537939646374852,2004-02-16 09:52:39,9.814509766319762,True
2004-02-16 10:02:39,14.987227864468219,2004-02-16 10:02:39,9.814509766319762,True
2004-02-16 10:12:39,15.703917821389979,2004-02-16 10:12:39,9.814509766319762,True
2004-02-16 10:22:39,16.774327514611482,2004-02-16 10:22:39,9.814509766319762,True
2004-02-16 10:32:39,15.614640071348951,2004-02-16 10:32:39,9.814509766319762,True
2004-02-16 10:42:39,15.10479665784824,2004-02-16 10:42:39,9.814509766319762,True
2004-02-16 10:52:39,16.41542040988151,2004-02-16 10:52:39,9.814509766319762,True
2004-02-16 11:02:39,18.238321658931326,2004-02-16 11:02:39,9.814509766319762,True
2004-02-16 11:12:39,18.37956546597899,2004-02-16 11:12:39,9.814509766319762,True
2004-02-16 11:22:39,18.514582914542547,2004-02-16 11:22:39,9.814509766319762,True
2004-02-16 11:32:39,18.580603265145985,2004-02-16 11:32:39,9.814509766319762,True
2004-02-16 11:42:39,18.853422514113774,2004-02-16 11:42:39,9.814509766319762,True
2004-02-16 11:52:39,18.12305142607305,2004-02-16 11:52:39,9.814509766319762,True
2004-02-16 12:02:39,16.83318155307433,2004-02-16 12:02:39,9.814509766319762,True
2004-02-16 12:12:39,18.453519133766136,2004-02-16 12:12:39,9.814509766319762,True
2004-02-16 12:22:39,19.7996433491116,2004-02-16 12:22:39,9.814509766319762,True
2004-02-16 12:32:39,18.833985082776397,2004-02-16 12:32:39,9.814509766319762,True
2004-02-16 12:42:39,18.45643168421589,2004-02-16 12:42:39,9.814509766319762,True
2004-02-16 12:52:39,19.17828633787152,2004-02-16 12:52:39,9.814509766319762,True
2004-02-16 13:02:39,17.975720934589894,2004-02-16 13:02:39,9.814509766319762,True
2004-02-16 13:12:39,17.227019737806202,2004-02-16 13:12:39,9.814509766319762,True
2004-02-16 13:22:39,18.54492222000857,2004-02-16 13:22:39,9.814509766319762,True
2004-02-16 13:32:39,20.2107178991975,2004-02-16 13:32:39,9.814509766319762,True
2004-02-16 13:42:39,19.452275271769878,2004-02-16 13:42:39,9.814509766319762,True
2004-02-16 13:52:39,18.95325506279115,2004-02-16 13:52:39,9.814509766319762,True
2004-02-16 14:02:39,19.311591539322848,2004-02-16 14:02:39,9.814509766319762,True
2004-02-16 14:12:39,18.69668795745576,2004-02-16 14:12:39,9.814509766319762,True
2004-02-16 14:22:39,18.691070140225385,2004-02-16 14:22:39,9.814509766319762,True
2004-02-16 14:32:39,18.991612648902134,2004-02-16 14:32:39,9.814509766319762,True
2004-02-16 14:42:39,20.754968569054565,2004-02-16 14:42:39,9.814509766319762,True
2004-02-16 14:52:39,21.452993925375942,2004-02-16 14:52:39,9.814509766319762,True
2004-02-16 15:02:39,20.070737101914464,2004-02-16 15:02:39,9.814509766319762,True
2004-02-16 15:12:39,19.534585087571344,2004-02-16 15:12:39,9.814509766319762,True
2004-02-16 15:22:39,21.019430646458993,2004-02-16 15:22:39,9.814509766319762,True
2004-02-16 15:32:39,21.908396019192626,2004-02-16 15:32:39,9.814509766319762,True
2004-02-16 15:42:39,21.66407398459775,2004-02-16 15:42:39,9.814509766319762,True
2004-02-16 15:52:39,22.84158607263208,2004-02-16 15:52:39,9.814509766319762,True
2004-02-16 16:02:39,24.025546103104983,2004-02-16 16:02:39,9.814509766319762,True
2004-02-16 16:12:39,25.162616565912998,2004-02-16 16:12:39,9.814509766319762,True
2004-02-16 16:22:39,24.83469664651374,2004-02-16 16:22:39,9.814509766319762,True
2004-02-16 16:32:39,23.802686964530334,2004-02-16 16:32:39,9.814509766319762,True
2004-02-16 16:42:39,24.50081501231987,2004-02-16 16:42:39,9.814509766319762,True
2004-02-16 16:52:39,25.720884847064045,2004-02-16 16:52:39,9.814509766319762,True
2004-02-16 17:02:39,26.318866449069954,2004-02-16 17:02:39,9.814509766319762,True
2004-02-16 17:12:39,24.8378003571328,2004-02-16 17:12:39,9.814509766319762,True
2004-02-16 17:22:39,23.952076791149,2004-02-16 17:22:39,9.814509766319762,True
2004-02-16 17:32:39,24.54055398088388,2004-02-16 17:32:39,9.814509766319762,True
2004-02-16 17:42:39,24.09013078027416,2004-02-16 17:42:39,9.814509766319762,True
2004-02-16 17:52:39,22.353748146770684,2004-02-16 17:52:39,9.814509766319762,True
2004-02-16 18:02:39,25.416112609629746,2004-02-16 18:02:39,9.814509766319762,True
2004-02-16 18:12:39,26.689584686966807,2004-02-16 18:12:39,9.814509766319762,True
2004-02-16 18:22:39,24.228694315072943,2004-02-16 18:22:39,9.814509766319762,True
2004-02-16 18:32:39,25.484314271561036,2004-02-16 18:32:39,9.814509766319762,True
2004-02-16 18:42:39,26.151703213440193,2004-02-16 18:42:39,9.814509766319762,True
2004-02-16 18:52:39,25.80545723539042,2004-02-16 18:52:39,9.814509766319762,True
2004-02-16 19:02:39,25.631726660797906,2004-02-16 19:02:39,9.814509766319762,True
2004-02-16 19:12:39,25.471635925595184,2004-02-16 19:12:39,9.814509766319762,True
2004-02-16 19:22:39,25.256706536063337,2004-02-16 19:22:39,9.814509766319762,True
2004-02-16 19:32:39,23.378009543519315,2004-02-16 19:32:39,9.814509766319762,True
2004-02-16 19:42:39,24.80942838131853,2004-02-16 19:42:39,9.814509766319762,True
2004-02-16 19:52:39,27.41078640833072,2004-02-16 19:52:39,9.814509766319762,True
2004-02-16 20:02:39,24.8778464207658,2004-02-16 20:02:39,9.814509766319762,True
2004-02-16 20:12:39,24.201050131975254,2004-02-16 20:12:39,9.814509766319762,True
2004-02-16 20:22:39,25.198910464244186,2004-02-16 20:22:39,9.814509766319762,True
2004-02-16 20:32:39,26.145351990069685,2004-02-16 20:32:39,9.814509766319762,True
2004-02-16 20:42:39,27.535950657617285,2004-02-16 20:42:39,9.814509766319762,True
2004-02-16 20:52:39,25.430317438546403,2004-02-16 20:52:39,9.814509766319762,True
2004-02-16 21:02:39,25.43254982073729,2004-02-16 21:02:39,9.814509766319762,True
2004-02-16 21:12:39,28.076548130521235,2004-02-16 21:12:39,9.814509766319762,True
2004-02-16 21:22:39,29.060786056637454,2004-02-16 21:22:39,9.814509766319762,True
2004-02-16 21:32:39,28.992302102048644,2004-02-16 21:32:39,9.814509766319762,True
2004-02-16 21:42:39,27.990644637047552,2004-02-16 21:42:39,9.814509766319762,True
2004-02-16 21:52:39,27.2322809046453,2004-02-16 21:52:39,9.814509766319762,True
2004-02-16 22:02:39,26.775735135318435,2004-02-16 22:02:39,9.814509766319762,True
2004-02-16 22:12:39,27.371775635573574,2004-02-16 22:12:39,9.814509766319762,True
2004-02-16 22:22:39,30.720981050345006,2004-02-16 22:22:39,9.814509766319762,True
2004-02-16 22:32:39,35.54917811387269,2004-02-16 22:32:39,9.814509766319762,True
2004-02-16 22:42:39,36.847905889598096,2004-02-16 22:42:39,9.814509766319762,True
2004-02-16 22:52:39,36.4155842436533,2004-02-16 22:52:39,9.814509766319762,True
2004-02-16 23:02:39,37.322279650934405,2004-02-16 23:02:39,9.814509766319762,True
2004-02-16 23:12:39,36.36653632207075,2004-02-16 23:12:39,9.814509766319762,True
2004-02-16 23:22:39,36.07334032745497,2004-02-16 23:22:39,9.814509766319762,True
2004-02-16 23:32:39,37.46136018455722,2004-02-16 23:32:39,9.814509766319762,True
2004-02-16 23:42:39,35.31758435417592,2004-02-16 23:42:39,9.814509766319762,True
2004-02-16 23:52:39,35.51707116723899,2004-02-16 23:52:39,9.814509766319762,True
2004-02-17 00:02:39,38.09417307913191,2004-02-17 00:02:39,9.814509766319762,True
2004-02-17 00:12:39,36.58295019569417,2004-02-17 00:12:39,9.814509766319762,True
2004-02-17 00:22:39,35.89534966386574,2004-02-17 00:22:39,9.814509766319762,True
2004-02-17 00:32:39,36.15144897973926,2004-02-17 00:32:39,9.814509766319762,True
2004-02-17 00:42:39,37.19182704763819,2004-02-17 00:42:39,9.814509766319762,True
2004-02-17 00:52:39,38.99653877718727,2004-02-17 00:52:39,9.814509766319762,True
2004-02-17 01:02:39,37.971221704513475,2004-02-17 01:02:39,9.814509766319762,True
2004-02-17 01:12:39,35.70812724052553,2004-02-17 01:12:39,9.814509766319762,True
2004-02-17 01:22:39,36.45690763636405,2004-02-17 01:22:39,9.814509766319762,True
2004-02-17 01:32:39,38.558070935986976,2004-02-17 01:32:39,9.814509766319762,True
2004-02-17 01:42:39,37.79099974816998,2004-02-17 01:42:39,9.814509766319762,True
2004-02-17 01:52:39,35.408416787740784,2004-02-17 01:52:39,9.814509766319762,True
2004-02-17 02:02:39,36.82898958903844,2004-02-17 02:02:39,9.814509766319762,True
2004-02-17 02:12:39,38.709552063393666,2004-02-17 02:12:39,9.814509766319762,True
2004-02-17 02:22:39,37.384129479219446,2004-02-17 02:22:39,9.814509766319762,True
2004-02-17 02:32:39,35.03854898874257,2004-02-17 02:32:39,9.814509766319762,True
2004-02-17 02:42:39,32.9847037340895,2004-02-17 02:42:39,9.814509766319762,True
2004-02-17 02:52:39,34.3588425797917,2004-02-17 02:52:39,9.814509766319762,True
2004-02-17 03:02:39,34.75483627778342,2004-02-17 03:02:39,9.814509766319762,True
2004-02-17 03:12:39,34.34539880929848,2004-02-17 03:12:39,9.814509766319762,True
2004-02-17 03:22:39,36.27909940467413,2004-02-17 03:22:39,9.814509766319762,True
2004-02-17 03:32:39,37.100772807121594,2004-02-17 03:32:39,9.814509766319762,True
2004-02-17 03:42:39,35.46082551848739,2004-02-17 03:42:39,9.814509766319762,True
2004-02-17 03:52:39,34.462192384586245,2004-02-17 03:52:39,9.814509766319762,True
2004-02-17 04:02:39,35.40170252533761,2004-02-17 04:02:39,9.814509766319762,True
2004-02-17 04:12:39,35.693165734120065,2004-02-17 04:12:39,9.814509766319762,True
2004-02-17 04:22:39,35.72310152877036,2004-02-17 04:22:39,9.814509766319762,True
2004-02-17 04:32:39,36.241808941304335,2004-02-17 04:32:39,9.814509766319762,True
2004-02-17 04:42:39,37.6680190135511,2004-02-17 04:42:39,9.814509766319762,True
2004-02-17 04:52:39,38.264034549989155,2004-02-17 04:52:39,9.814509766319762,True
2004-02-17 05:02:39,37.171710063308666,2004-02-17 05:02:39,9.814509766319762,True
2004-02-17 05:12:39,36.39018023913419,2004-02-17 05:12:39,9.814509766319762,True
2004-02-17 05:22:39,36.790313374825786,2004-02-17 05:22:39,9.814509766319762,True
2004-02-17 05:32:39,36.701027732437886,2004-02-17 05:32:39,9.814509766319762,True
2004-02-17 05:42:39,37.372767087739376,2004-02-17 05:42:39,9.814509766319762,True
2004-02-17 05:52:39,38.47883320157275,2004-02-17 05:52:39,9.814509766319762,True
2004-02-17 06:02:39,39.13813859230833,2004-02-17 06:02:39,9.814509766319762,True
2004-02-17 06:12:39,38.51095656250337,2004-02-17 06:12:39,9.814509766319762,True
2004-02-17 06:22:39,36.87919508088807,2004-02-17 06:22:39,9.814509766319762,True
2004-02-17 06:32:39,37.39538992845953,2004-02-17 06:32:39,9.814509766319762,True
2004-02-17 06:42:39,39.164003425011494,2004-02-17 06:42:39,9.814509766319762,True
2004-02-17 06:52:39,38.82659089611468,2004-02-17 06:52:39,9.814509766319762,True
2004-02-17 07:02:39,40.002997135092194,2004-02-17 07:02:39,9.814509766319762,True
2004-02-17 07:12:39,44.065830325657586,2004-02-17 07:12:39,9.814509766319762,True
2004-02-17 07:22:39,50.00432111663873,2004-02-17 07:22:39,9.814509766319762,True
2004-02-17 07:32:39,82.07903134434092,2004-02-17 07:32:39,9.814509766319762,True
2004-02-17 07:42:39,105.92427286503651,2004-02-17 07:42:39,9.814509766319762,True
2004-02-17 07:52:39,109.35713035922079,2004-02-17 07:52:39,9.814509766319762,True
2004-02-17 08:02:39,108.16519520311513,2004-02-17 08:02:39,9.814509766319762,True
2004-02-17 08:12:39,105.56108059427282,2004-02-17 08:12:39,9.814509766319762,True
2004-02-17 08:22:39,107.58234077000328,2004-02-17 08:22:39,9.814509766319762,True
2004-02-17 08:32:39,107.6651017723051,2004-02-17 08:32:39,9.814509766319762,True
2004-02-17 08:42:39,102.52902116306393,2004-02-17 08:42:39,9.814509766319762,True
2004-02-17 08:52:39,105.73636754789307,2004-02-17 08:52:39,9.814509766319762,True
2004-02-17 09:02:39,108.16169556269219,2004-02-17 09:02:39,9.814509766319762,True
2004-02-17 09:12:39,105.31992184937918,2004-02-17 09:12:39,9.814509766319762,True
2004-02-17 09:22:39,105.8610006474053,2004-02-17 09:22:39,9.814509766319762,True
2004-02-17 09:32:39,106.77487891624853,2004-02-17 09:32:39,9.814509766319762,True
2004-02-17 09:42:39,106.66122472761398,2004-02-17 09:42:39,9.814509766319762,True
2004-02-17 09:52:39,102.27599509156178,2004-02-17 09:52:39,9.814509766319762,True
2004-02-17 10:02:39,99.51091484445891,2004-02-17 10:02:39,9.814509766319762,True
2004-02-17 10:12:39,100.90681699390579,2004-02-17 10:12:39,9.814509766319762,True
2004-02-17 10:22:39,102.97944967737722,2004-02-17 10:22:39,9.814509766319762,True
2004-02-17 10:32:39,102.17776085562265,2004-02-17 10:32:39,9.814509766319762,True
2004-02-17 10:42:39,100.3244591353474,2004-02-17 10:42:39,9.814509766319762,True
2004-02-17 10:52:39,99.74634145897217,2004-02-17 10:52:39,9.814509766319762,True
2004-02-17 11:02:39,98.99719140680801,2004-02-17 11:02:39,9.814509766319762,True
2004-02-17 11:12:39,99.00586289351801,2004-02-17 11:12:39,9.814509766319762,True
2004-02-17 11:22:39,102.04903868595495,2004-02-17 11:22:39,9.814509766319762,True
2004-02-17 11:32:39,105.24847274634703,2004-02-17 11:32:39,9.814509766319762,True
2004-02-17 11:42:39,102.93657552731129,2004-02-17 11:42:39,9.814509766319762,True
2004-02-17 11:52:39,100.77719271480022,2004-02-17 11:52:39,9.814509766319762,True
2004-02-17 12:02:39,101.44395498164226,2004-02-17 12:02:39,9.814509766319762,True
2004-02-17 12:12:39,102.6317697626617,2004-02-17 12:12:39,9.814509766319762,True
2004-02-17 12:22:39,96.97673480182928,2004-02-17 12:22:39,9.814509766319762,True
2004-02-17 12:32:39,94.46524631638614,2004-02-17 12:32:39,9.814509766319762,True
2004-02-17 12:42:39,95.03596746786863,2004-02-17 12:42:39,9.814509766319762,True
2004-02-17 12:52:39,92.7436053750553,2004-02-17 12:52:39,9.814509766319762,True
2004-02-17 13:02:39,91.97825966430688,2004-02-17 13:02:39,9.814509766319762,True
2004-02-17 13:12:39,90.66931234814673,2004-02-17 13:12:39,9.814509766319762,True
2004-02-17 13:22:39,91.7340063595443,2004-02-17 13:22:39,9.814509766319762,True
2004-02-17 13:32:39,86.44486829608354,2004-02-17 13:32:39,9.814509766319762,True
2004-02-17 13:42:39,78.04117940703838,2004-02-17 13:42:39,9.814509766319762,True
2004-02-17 13:52:39,80.88967063736393,2004-02-17 13:52:39,9.814509766319762,True
2004-02-17 14:02:39,83.23315185602043,2004-02-17 14:02:39,9.814509766319762,True
2004-02-17 14:12:39,80.85516941999006,2004-02-17 14:12:39,9.814509766319762,True
2004-02-17 14:22:39,77.14161235315426,2004-02-17 14:22:39,9.814509766319762,True
2004-02-17 14:32:39,74.79214855225943,2004-02-17 14:32:39,9.814509766319762,True
2004-02-17 14:42:39,75.65149971867653,2004-02-17 14:42:39,9.814509766319762,True
2004-02-17 14:52:39,76.96816781586097,2004-02-17 14:52:39,9.814509766319762,True
2004-02-17 15:02:39,76.52676897252753,2004-02-17 15:02:39,9.814509766319762,True
2004-02-17 15:12:39,75.75140188230547,2004-02-17 15:12:39,9.814509766319762,True
2004-02-17 15:22:39,71.96498101349287,2004-02-17 15:22:39,9.814509766319762,True
2004-02-17 15:32:39,71.879456996243,2004-02-17 15:32:39,9.814509766319762,True
2004-02-17 15:42:39,75.81694965681555,2004-02-17 15:42:39,9.814509766319762,True
2004-02-17 15:52:39,72.08179755268033,2004-02-17 15:52:39,9.814509766319762,True
2004-02-17 16:02:39,70.70208812932752,2004-02-17 16:02:39,9.814509766319762,True
2004-02-17 16:12:39,70.86376824973924,2004-02-17 16:12:39,9.814509766319762,True
2004-02-17 16:22:39,68.5447782758428,2004-02-17 16:22:39,9.814509766319762,True
2004-02-17 16:32:39,65.16150978536311,2004-02-17 16:32:39,9.814509766319762,True
2004-02-17 16:42:39,61.52482067836657,2004-02-17 16:42:39,9.814509766319762,True
2004-02-17 16:52:39,60.340862279493145,2004-02-17 16:52:39,9.814509766319762,True
2004-02-17 17:02:39,59.82160261012306,2004-02-17 17:02:39,9.814509766319762,True
2004-02-17 17:12:39,57.99142295367375,2004-02-17 17:12:39,9.814509766319762,True
2004-02-17 17:22:39,56.15310548304504,2004-02-17 17:22:39,9.814509766319762,True
2004-02-17 17:32:39,54.07088963541121,2004-02-17 17:32:39,9.814509766319762,True
2004-02-17 17:42:39,52.12965175535118,2004-02-17 17:42:39,9.814509766319762,True
2004-02-17 17:52:39,48.970915295968844,2004-02-17 17:52:39,9.814509766319762,True
2004-02-17 18:02:39,45.803856549317395,2004-02-17 18:02:39,9.814509766319762,True
2004-02-17 18:12:39,44.88068293859765,2004-02-17 18:12:39,9.814509766319762,True
2004-02-17 18:22:39,44.62072997563837,2004-02-17 18:22:39,9.814509766319762,True
2004-02-17 18:32:39,44.79965050219123,2004-02-17 18:32:39,9.814509766319762,True
2004-02-17 18:42:39,44.57789651498775,2004-02-17 18:42:39,9.814509766319762,True
2004-02-17 18:52:39,43.88951482812353,2004-02-17 18:52:39,9.814509766319762,True
2004-02-17 19:02:39,42.2765005441693,2004-02-17 19:02:39,9.814509766319762,True
2004-02-17 19:12:39,41.068023454210135,2004-02-17 19:12:39,9.814509766319762,True
2004-02-17 19:22:39,41.228433885717614,2004-02-17 19:22:39,9.814509766319762,True
2004-02-17 19:32:39,39.71304185072563,2004-02-17 19:32:39,9.814509766319762,True
2004-02-17 19:42:39,37.785570286251804,2004-02-17 19:42:39,9.814509766319762,True
2004-02-17 19:52:39,39.024521723497536,2004-02-17 19:52:39,9.814509766319762,True
2004-02-17 20:02:39,39.939068446212225,2004-02-17 20:02:39,9.814509766319762,True
2004-02-17 20:12:39,38.30268102221132,2004-02-17 20:12:39,9.814509766319762,True
2004-02-17 20:22:39,36.75095375987334,2004-02-17 20:22:39,9.814509766319762,True
2004-02-17 20:32:39,36.210180932823214,2004-02-17 20:32:39,9.814509766319762,True
2004-02-17 20:42:39,33.91883780017525,2004-02-17 20:42:39,9.814509766319762,True
2004-02-17 20:52:39,33.77331050278234,2004-02-17 20:52:39,9.814509766319762,True
2004-02-17 21:02:39,34.99138798268618,2004-02-17 21:02:39,9.814509766319762,True
2004-02-17 21:12:39,33.63536686726005,2004-02-17 21:12:39,9.814509766319762,True
2004-02-17 21:22:39,32.69076861337173,2004-02-17 21:22:39,9.814509766319762,True
2004-02-17 21:32:39,33.9531428489138,2004-02-17 21:32:39,9.814509766319762,True
2004-02-17 21:42:39,33.90380118240113,2004-02-17 21:42:39,9.814509766319762,True
2004-02-17 21:52:39,34.394938014020696,2004-02-17 21:52:39,9.814509766319762,True
2004-02-17 22:02:39,34.96866063620929,2004-02-17 22:02:39,9.814509766319762,True
2004-02-17 22:12:39,32.85160296308762,2004-02-17 22:12:39,9.814509766319762,True
2004-02-17 22:22:39,33.808271984105,2004-02-17 22:22:39,9.814509766319762,True
2004-02-17 22:32:39,35.31252021379676,2004-02-17 22:32:39,9.814509766319762,True
2004-02-17 22:42:39,35.81585650541075,2004-02-17 22:42:39,9.814509766319762,True
2004-02-17 22:52:39,37.36686635900582,2004-02-17 22:52:39,9.814509766319762,True
2004-02-17 23:02:39,38.570327086716205,2004-02-17 23:02:39,9.814509766319762,True
2004-02-17 23:12:39,37.643970338580594,2004-02-17 23:12:39,9.814509766319762,True
2004-02-17 23:22:39,37.68946456121519,2004-02-17 23:22:39,9.814509766319762,True
2004-02-17 23:32:39,36.490400202290985,2004-02-17 23:32:39,9.814509766319762,True
2004-02-17 23:42:39,36.76252381028624,2004-02-17 23:42:39,9.814509766319762,True
2004-02-17 23:52:39,39.11252546383818,2004-02-17 23:52:39,9.814509766319762,True
2004-02-18 00:02:39,38.75648240084212,2004-02-18 00:02:39,9.814509766319762,True
2004-02-18 00:12:39,38.91523777796225,2004-02-18 00:12:39,9.814509766319762,True
2004-02-18 00:22:39,38.80029777506324,2004-02-18 00:22:39,9.814509766319762,True
2004-02-18 00:32:39,40.561392666323776,2004-02-18 00:32:39,9.814509766319762,True
2004-02-18 00:42:39,41.55144052987052,2004-02-18 00:42:39,9.814509766319762,True
2004-02-18 00:52:39,40.94849630493528,2004-02-18 00:52:39,9.814509766319762,True
2004-02-18 01:02:39,42.81489307190935,2004-02-18 01:02:39,9.814509766319762,True
2004-02-18 01:12:39,44.580486117650295,2004-02-18 01:12:39,9.814509766319762,True
2004-02-18 01:22:39,43.45065157162864,2004-02-18 01:22:39,9.814509766319762,True
2004-02-18 01:32:39,42.69278120702294,2004-02-18 01:32:39,9.814509766319762,True
2004-02-18 01:42:39,43.32396181021715,2004-02-18 01:42:39,9.814509766319762,True
2004-02-18 01:52:39,42.174247688592416,2004-02-18 01:52:39,9.814509766319762,True
2004-02-18 02:02:39,41.64558770413047,2004-02-18 02:02:39,9.814509766319762,True
2004-02-18 02:12:39,42.4563559553351,2004-02-18 02:12:39,9.814509766319762,True
2004-02-18 02:22:39,43.66347162121167,2004-02-18 02:22:39,9.814509766319762,True
2004-02-18 02:32:39,44.19690006939645,2004-02-18 02:32:39,9.814509766319762,True
2004-02-18 02:42:39,44.53760090399691,2004-02-18 02:42:39,9.814509766319762,True
2004-02-18 02:52:39,44.72619791799425,2004-02-18 02:52:39,9.814509766319762,True
2004-02-18 03:02:39,45.750841502221725,2004-02-18 03:02:39,9.814509766319762,True
2004-02-18 03:12:39,47.58966880944219,2004-02-18 03:12:39,9.814509766319762,True
2004-02-18 03:22:39,46.56620074152401,2004-02-18 03:22:39,9.814509766319762,True
2004-02-18 03:32:39,46.10868614640704,2004-02-18 03:32:39,9.814509766319762,True
2004-02-18 03:42:39,62.764327315783135,2004-02-18 03:42:39,9.814509766319762,True
2004-02-18 03:52:39,75.51647828986945,2004-02-18 03:52:39,9.814509766319762,True
2004-02-18 04:02:39,74.56224418485861,2004-02-18 04:02:39,9.814509766319762,True
2004-02-18 04:12:39,77.45554671579211,2004-02-18 04:12:39,9.814509766319762,True
2004-02-18 04:22:39,78.79300992053956,2004-02-18 04:22:39,9.814509766319762,True
2004-02-18 04:32:39,78.85575501591818,2004-02-18 04:32:39,9.814509766319762,True
2004-02-18 04:42:39,83.69740931621322,2004-02-18 04:42:39,9.814509766319762,True
2004-02-18 04:52:39,83.34476647733129,2004-02-18 04:52:39,9.814509766319762,True
2004-02-18 05:02:39,84.47304114627195,2004-02-18 05:02:39,9.814509766319762,True
2004-02-18 05:12:39,86.89314722602187,2004-02-18 05:12:39,9.814509766319762,True
2004-02-18 05:22:39,88.44713941421328,2004-02-18 05:22:39,9.814509766319762,True
2004-02-18 05:32:39,90.5994946815261,2004-02-18 05:32:39,9.814509766319762,True
2004-02-18 05:42:39,94.59559903798944,2004-02-18 05:42:39,9.814509766319762,True
2004-02-18 05:52:39,96.39392448282965,2004-02-18 05:52:39,9.814509766319762,True
2004-02-18 06:02:39,97.0949256003789,2004-02-18 06:02:39,9.814509766319762,True
2004-02-18 06:12:39,101.88665620753368,2004-02-18 06:12:39,9.814509766319762,True
2004-02-18 06:22:39,103.4379692755464,2004-02-18 06:22:39,9.814509766319762,True
2004-02-18 06:32:39,103.16734439003706,2004-02-18 06:32:39,9.814509766319762,True
2004-02-18 06:42:39,103.24201827641568,2004-02-18 06:42:39,9.814509766319762,True
2004-02-18 06:52:39,104.82147280237622,2004-02-18 06:52:39,9.814509766319762,True
2004-02-18 07:02:39,106.00398387256891,2004-02-18 07:02:39,9.814509766319762,True
2004-02-18 07:12:39,106.21339536680037,2004-02-18 07:12:39,9.814509766319762,True
2004-02-18 07:22:39,107.46222134916584,2004-02-18 07:22:39,9.814509766319762,True
2004-02-18 07:32:39,107.42023859139469,2004-02-18 07:32:39,9.814509766319762,True
2004-02-18 07:42:39,104.90277373491827,2004-02-18 07:42:39,9.814509766319762,True
2004-02-18 07:52:39,108.23866477372222,2004-02-18 07:52:39,9.814509766319762,True
2004-02-18 08:02:39,115.04501454066781,2004-02-18 08:02:39,9.814509766319762,True
2004-02-18 08:12:39,116.4300793630555,2004-02-18 08:12:39,9.814509766319762,True
2004-02-18 08:22:39,116.38888012086821,2004-02-18 08:22:39,9.814509766319762,True
2004-02-18 08:32:39,113.85991699613997,2004-02-18 08:32:39,9.814509766319762,True
2004-02-18 08:42:39,107.67691235500199,2004-02-18 08:42:39,9.814509766319762,True
2004-02-18 08:52:39,103.15770722013916,2004-02-18 08:52:39,9.814509766319762,True
2004-02-18 09:02:39,103.36744639153322,2004-02-18 09:02:39,9.814509766319762,True
2004-02-18 09:12:39,106.04966586681799,2004-02-18 09:12:39,9.814509766319762,True
2004-02-18 09:22:39,110.41384159784333,2004-02-18 09:22:39,9.814509766319762,True
2004-02-18 09:32:39,109.3968434245837,2004-02-18 09:32:39,9.814509766319762,True
2004-02-18 09:42:39,103.35502918168362,2004-02-18 09:42:39,9.814509766319762,True
2004-02-18 09:52:39,103.73628294445355,2004-02-18 09:52:39,9.814509766319762,True
2004-02-18 10:02:39,103.6298802655539,2004-02-18 10:02:39,9.814509766319762,True
2004-02-18 10:12:39,106.0431737651022,2004-02-18 10:12:39,9.814509766319762,True
2004-02-18 10:22:39,108.92254674968223,2004-02-18 10:22:39,9.814509766319762,True
2004-02-18 10:32:39,105.61698339405201,2004-02-18 10:32:39,9.814509766319762,True
2004-02-18 10:42:39,103.15620657886461,2004-02-18 10:42:39,9.814509766319762,True
2004-02-18 10:52:39,98.74021521284071,2004-02-18 10:52:39,9.814509766319762,True
2004-02-18 11:02:39,93.22228812608044,2004-02-18 11:02:39,9.814509766319762,True
2004-02-18 11:12:39,90.79392613665574,2004-02-18 11:12:39,9.814509766319762,True
2004-02-18 11:22:39,90.25938155538088,2004-02-18 11:22:39,9.814509766319762,True
2004-02-18 11:32:39,90.7802578101371,2004-02-18 11:32:39,9.814509766319762,True
2004-02-18 11:42:39,90.38644876284317,2004-02-18 11:42:39,9.814509766319762,True
2004-02-18 11:52:39,99.82120257502268,2004-02-18 11:52:39,9.814509766319762,True
2004-02-18 12:02:39,111.44328763529904,2004-02-18 12:02:39,9.814509766319762,True
2004-02-18 12:12:39,109.20677192168979,2004-02-18 12:12:39,9.814509766319762,True
2004-02-18 12:22:39,103.56417794887273,2004-02-18 12:22:39,9.814509766319762,True
2004-02-18 12:32:39,103.43688376815311,2004-02-18 12:32:39,9.814509766319762,True
2004-02-18 12:42:39,101.0746104547617,2004-02-18 12:42:39,9.814509766319762,True
2004-02-18 12:52:39,95.77632557671566,2004-02-18 12:52:39,9.814509766319762,True
2004-02-18 13:02:39,95.02098689718962,2004-02-18 13:02:39,9.814509766319762,True
2004-02-18 13:12:39,98.24050172363191,2004-02-18 13:12:39,9.814509766319762,True
2004-02-18 13:22:39,97.47024638962567,2004-02-18 13:22:39,9.814509766319762,True
2004-02-18 13:32:39,93.68917380313896,2004-02-18 13:32:39,9.814509766319762,True
2004-02-18 13:42:39,94.13681982986378,2004-02-18 13:42:39,9.814509766319762,True
2004-02-18 13:52:39,97.74289422190114,2004-02-18 13:52:39,9.814509766319762,True
2004-02-18 14:02:39,100.1855119055035,2004-02-18 14:02:39,9.814509766319762,True
2004-02-18 14:12:39,100.23740332252783,2004-02-18 14:12:39,9.814509766319762,True
2004-02-18 14:22:39,99.29561463292524,2004-02-18 14:22:39,9.814509766319762,True
2004-02-18 14:32:39,99.06210039874419,2004-02-18 14:32:39,9.814509766319762,True
2004-02-18 14:42:39,104.38384983021315,2004-02-18 14:42:39,9.814509766319762,True
2004-02-18 14:52:39,104.78945344528012,2004-02-18 14:52:39,9.814509766319762,True
2004-02-18 15:02:39,93.94285610419351,2004-02-18 15:02:39,9.814509766319762,True
2004-02-18 15:12:39,84.81280690587992,2004-02-18 15:12:39,9.814509766319762,True
2004-02-18 15:22:39,80.38711286692306,2004-02-18 15:22:39,9.814509766319762,True
2004-02-18 15:32:39,75.59485859209379,2004-02-18 15:32:39,9.814509766319762,True
2004-02-18 15:42:39,72.26836836957447,2004-02-18 15:42:39,9.814509766319762,True
2004-02-18 15:52:39,71.14301000115636,2004-02-18 15:52:39,9.814509766319762,True
2004-02-18 16:02:39,68.72300450943192,2004-02-18 16:02:39,9.814509766319762,True
2004-02-18 16:12:39,68.5651030726027,2004-02-18 16:12:39,9.814509766319762,True
2004-02-18 16:22:39,69.2523804080175,2004-02-18 16:22:39,9.814509766319762,True
2004-02-18 16:32:39,68.48401630068687,2004-02-18 16:32:39,9.814509766319762,True
2004-02-18 16:42:39,73.2688080359451,2004-02-18 16:42:39,9.814509766319762,True
2004-02-18 16:52:39,78.91730117998085,2004-02-18 16:52:39,9.814509766319762,True
2004-02-18 17:02:39,89.07284466064313,2004-02-18 17:02:39,9.814509766319762,True
2004-02-18 17:12:39,101.68213807763019,2004-02-18 17:12:39,9.814509766319762,True
2004-02-18 17:22:39,113.27896722247688,2004-02-18 17:22:39,9.814509766319762,True
2004-02-18 17:32:39,127.28969302729982,2004-02-18 17:32:39,9.814509766319762,True
2004-02-18 17:42:39,136.6939934174407,2004-02-18 17:42:39,9.814509766319762,True
2004-02-18 17:52:39,140.62007541865412,2004-02-18 17:52:39,9.814509766319762,True
2004-02-18 18:02:39,141.6284884179132,2004-02-18 18:02:39,9.814509766319762,True
2004-02-18 18:12:39,137.1976432295045,2004-02-18 18:12:39,9.814509766319762,True
2004-02-18 18:22:39,128.0282177528089,2004-02-18 18:22:39,9.814509766319762,True
2004-02-18 18:32:39,128.4701242070967,2004-02-18 18:32:39,9.814509766319762,True
2004-02-18 18:42:39,134.44620687051304,2004-02-18 18:42:39,9.814509766319762,True
2004-02-18 18:52:39,135.20355017207072,2004-02-18 18:52:39,9.814509766319762,True
2004-02-18 19:02:39,145.08194511141193,2004-02-18 19:02:39,9.814509766319762,True
2004-02-18 19:12:39,147.66051140022967,2004-02-18 19:12:39,9.814509766319762,True
2004-02-18 19:22:39,136.7882296849674,2004-02-18 19:22:39,9.814509766319762,True
2004-02-18 19:32:39,134.9046808293929,2004-02-18 19:32:39,9.814509766319762,True
2004-02-18 19:42:39,134.12297999491133,2004-02-18 19:42:39,9.814509766319762,True
2004-02-18 19:52:39,135.61745960555368,2004-02-18 19:52:39,9.814509766319762,True
2004-02-18 20:02:39,138.05295329099044,2004-02-18 20:02:39,9.814509766319762,True
2004-02-18 20:12:39,145.10425894502615,2004-02-18 20:12:39,9.814509766319762,True
2004-02-18 20:22:39,152.75678871801824,2004-02-18 20:22:39,9.814509766319762,True
2004-02-18 20:32:39,148.6669142477684,2004-02-18 20:32:39,9.814509766319762,True
2004-02-18 20:42:39,145.10972614705807,2004-02-18 20:42:39,9.814509766319762,True
2004-02-18 20:52:39,139.4691431321294,2004-02-18 20:52:39,9.814509766319762,True
2004-02-18 21:02:39,128.165435918249,2004-02-18 21:02:39,9.814509766319762,True
2004-02-18 21:12:39,128.34695972856753,2004-02-18 21:12:39,9.814509766319762,True
2004-02-18 21:22:39,142.97923854932534,2004-02-18 21:22:39,9.814509766319762,True
2004-02-18 21:32:39,146.6429417743354,2004-02-18 21:32:39,9.814509766319762,True
2004-02-18 21:42:39,149.65660361618146,2004-02-18 21:42:39,9.814509766319762,True
2004-02-18 21:52:39,164.08656581301466,2004-02-18 21:52:39,9.814509766319762,True
2004-02-18 22:02:39,176.10023689242556,2004-02-18 22:02:39,9.814509766319762,True
2004-02-18 22:12:39,192.8146046500798,2004-02-18 22:12:39,9.814509766319762,True
2004-02-18 22:22:39,227.32291639348873,2004-02-18 22:22:39,9.814509766319762,True
2004-02-18 22:32:39,217.36282742725888,2004-02-18 22:32:39,9.814509766319762,True
2004-02-18 22:42:39,180.77302289219145,2004-02-18 22:42:39,9.814509766319762,True
2004-02-18 22:52:39,182.01707825684286,2004-02-18 22:52:39,9.814509766319762,True
2004-02-18 23:02:39,166.25581260688125,2004-02-18 23:02:39,9.814509766319762,True
2004-02-18 23:12:39,146.03904568353613,2004-02-18 23:12:39,9.814509766319762,True
2004-02-18 23:22:39,150.49834446173602,2004-02-18 23:22:39,9.814509766319762,True
2004-02-18 23:32:39,154.84482544559728,2004-02-18 23:32:39,9.814509766319762,True
2004-02-18 23:42:39,172.79305315552833,2004-02-18 23:42:39,9.814509766319762,True
2004-02-18 23:52:39,184.29348368365498,2004-02-18 23:52:39,9.814509766319762,True
2004-02-19 00:02:39,191.94139243416254,2004-02-19 00:02:39,9.814509766319762,True
2004-02-19 00:12:39,191.6835440354451,2004-02-19 00:12:39,9.814509766319762,True
2004-02-19 00:22:39,166.4219321721381,2004-02-19 00:22:39,9.814509766319762,True
2004-02-19 00:32:39,147.85506756135834,2004-02-19 00:32:39,9.814509766319762,True
2004-02-19 00:42:39,141.40257113393474,2004-02-19 00:42:39,9.814509766319762,True
2004-02-19 00:52:39,159.66397531369313,2004-02-19 00:52:39,9.814509766319762,True
2004-02-19 01:02:39,196.9558011729833,2004-02-19 01:02:39,9.814509766319762,True
2004-02-19 01:12:39,229.47482976942848,2004-02-19 01:12:39,9.814509766319762,True
2004-02-19 01:22:39,219.97132112466568,2004-02-19 01:22:39,9.814509766319762,True
2004-02-19 01:32:39,219.21536557204456,2004-02-19 01:32:39,9.814509766319762,True
2004-02-19 01:42:39,218.39341656441778,2004-02-19 01:42:39,9.814509766319762,True
2004-02-19 01:52:39,208.4583655906204,2004-02-19 01:52:39,9.814509766319762,True
2004-02-19 02:02:39,213.36424049493507,2004-02-19 02:02:39,9.814509766319762,True
2004-02-19 02:12:39,239.79578789409308,2004-02-19 02:12:39,9.814509766319762,True
2004-02-19 02:22:39,235.93184778067103,2004-02-19 02:22:39,9.814509766319762,True
2004-02-19 02:32:39,220.01468331974934,2004-02-19 02:32:39,9.814509766319762,True
2004-02-19 02:42:39,275.72484224343634,2004-02-19 02:42:39,9.814509766319762,True
2004-02-19 02:52:39,291.76403916360744,2004-02-19 02:52:39,9.814509766319762,True
2004-02-19 03:02:39,263.91154353034966,2004-02-19 03:02:39,9.814509766319762,True
2004-02-19 03:12:39,257.1091022328928,2004-02-19 03:12:39,9.814509766319762,True
2004-02-19 03:22:39,307.46733064842886,2004-02-19 03:22:39,9.814509766319762,True
2004-02-19 03:32:39,345.5380301340482,2004-02-19 03:32:39,9.814509766319762,True
2004-02-19 03:42:39,392.0591675138294,2004-02-19 03:42:39,9.814509766319762,True
2004-02-19 03:52:39,405.8059389014767,2004-02-19 03:52:39,9.814509766319762,True
2004-02-19 04:02:39,381.7765825864849,2004-02-19 04:02:39,9.814509766319762,True
2004-02-19 04:12:39,410.79574334600954,2004-02-19 04:12:39,9.814509766319762,True
2004-02-19 04:22:39,456.414940855969,2004-02-19 04:22:39,9.814509766319762,True
2004-02-19 04:32:39,472.9395263919732,2004-02-19 04:32:39,9.814509766319762,True
2004-02-19 04:42:39,420.613695610424,2004-02-19 04:42:39,9.814509766319762,True
2004-02-19 04:52:39,454.8499974526982,2004-02-19 04:52:39,9.814509766319762,True
2004-02-19 05:02:39,604.1744335506918,2004-02-19 05:02:39,9.814509766319762,True
2004-02-19 05:12:39,622.1504193957865,2004-02-19 05:12:39,9.814509766319762,True
2004-02-19 05:22:39,559.6104687260352,2004-02-19 05:22:39,9.814509766319762,True
2004-02-19 05:32:39,521.0402998447053,2004-02-19 05:32:39,9.814509766319762,True
2004-02-19 05:42:39,635.6028310411082,2004-02-19 05:42:39,9.814509766319762,True
2004-02-19 05:52:39,651.2766269573312,2004-02-19 05:52:39,9.814509766319762,True
2004-02-19 06:02:39,546.6808541147709,2004-02-19 06:02:39,9.814509766319762,True
2004-02-19 06:12:39,422.93652821821746,2004-02-19 06:12:39,9.814509766319762,True
2004-02-19 06:22:39,200.83951676974806,2004-02-19 06:22:39,9.814509766319762,True
