Time,Bearing1,Bearing2,Bearing3,Bearing4
2004-02-12 10:52:39,0.0602364373260413,0.0742266223936715,0.0839260706089164,0.0444430880414082
2004-02-12 11:02:39,0.0614554421602617,0.073844084183798,0.0844574442111431,0.0450814004590067
2004-02-12 11:12:39,0.0613607598027247,0.0756087699594706,0.082836808437912,0.0451183651545485
2004-02-12 11:22:39,0.0616648273841496,0.0732786268860784,0.0848792421504956,0.0441722252063089
2004-02-12 11:32:39,0.0619438937448117,0.0745929000439474,0.0826263001123101,0.0446585770789589
2004-02-12 11:42:39,0.0612305288344157,0.0741715904096879,0.0820219248986767,0.0438400800820352
2004-02-12 11:52:39,0.0622797499877923,0.0758077542848772,0.08437228380292,0.0442722300893598
2004-02-12 12:02:39,0.0598902778455979,0.0751147516968602,0.0845060305678988,0.0439739733385419
2004-02-12 12:12:39,0.0623712583622247,0.0755049562966941,0.0822379999023389,0.0441708091215391
2004-02-12 12:22:39,0.0608370525904585,0.0746475902143659,0.0805519800771522,0.0436015430440939
2004-02-12 12:32:39,0.0610901411201718,0.0748322183700376,0.080787050148933,0.043524488500415
2004-02-12 12:42:39,0.0625986620440451,0.0754881586014942,0.0806255676546706,0.044679281214903
2004-02-12 12:52:39,0.0623406904634015,0.0756012500610381,0.0803981639728502,0.0442455198007715
2004-02-12 13:02:39,0.0616297670784706,0.0752842912251574,0.0809993163728697,0.0446883636896332
2004-02-12 13:12:39,0.0618849553200839,0.0759918453049465,0.0833041652424434,0.044548561941501
2004-02-12 13:22:39,0.0612463010889203,0.0740325211191952,0.0801659260706089,0.0434821036183407
2004-02-12 13:32:39,0.0614762927877337,0.0753319498022364,0.0817621954196982,0.0441561599687484
2004-02-12 13:42:39,0.0618432540651399,0.0758194736071097,0.0815118413985057,0.0435542751110894
2004-02-12 13:52:39,0.0622130963425948,0.0759205527613653,0.0808956980321304,0.0439248010156745
2004-02-12 14:02:39,0.0626257629767078,0.076406367498413,0.0822937643439621,0.0437658088773865
2004-02-12 14:12:39,0.0625140387714243,0.0749076615069095,0.0818124908442795,0.0434274134479222
2004-02-12 14:22:39,0.0626069144001172,0.0765010010254407,0.0811331119683578,0.045041212949851
2004-02-12 14:32:39,0.0624485570584501,0.0766482250109868,0.0835732701792079,0.0445171150935104
2004-02-12 14:42:39,0.0613288734801504,0.0751419502905415,0.0825654572977196,0.0441428780702182
2004-02-12 14:52:39,0.0614520240246105,0.0766623370281752,0.080872357048684,0.0438672786757165
2004-02-12 15:02:39,0.0612786757165877,0.0755615508569754,0.0821659260706089,0.0441797939352507
2004-02-12 15:12:39,0.0619063430831583,0.0751534742907368,0.0825168221104546,0.043844572488891
2004-02-12 15:22:39,0.0618897895405049,0.0758843693539723,0.080264026563797,0.043732604131061
2004-02-12 15:32:39,0.0617283558767517,0.0756454905024659,0.0813590507348991,0.0432781874114947
2004-02-12 15:42:39,0.0632109478001855,0.0755177498901313,0.081347722056741,0.0450923384930904
2004-02-12 15:52:39,0.0606914400117193,0.0761143122222764,0.0800685580350603,0.0440304214072952
2004-02-12 16:02:39,0.0622706186825528,0.0764436251770106,0.0820084965086185,0.0445223399580057
2004-02-12 16:12:39,0.0615267835343522,0.0773232579715806,0.0834211143122222,0.044206992528932
2004-02-12 16:22:39,0.0615086185848918,0.0758037990136237,0.0793554861077201,0.0441745202402461
2004-02-12 16:32:39,0.0606305483666194,0.0761857024268763,0.0822372186141901,0.0443687680062503
2004-02-12 16:42:39,0.0626841642658333,0.076531275941208,0.0813327310903852,0.0447903217930563
2004-02-12 16:52:39,0.0612191513257483,0.0757481810635284,0.0823649592265247,0.0443755554470433
2004-02-12 17:02:39,0.0614131061086967,0.0767588749450656,0.0816819180624053,0.0450331070853069
2004-02-12 17:12:39,0.0615803017725474,0.0770170418477464,0.0819917964744372,0.0446751794521216
2004-02-12 17:22:39,0.0619165486596025,0.0758276283021631,0.0810838419844719,0.0441920015625763
2004-02-12 17:32:39,0.061149470188974,0.0754872796523267,0.0796637531129449,0.0436569168416426
2004-02-12 17:42:39,0.0614605693637384,0.0751053762390741,0.0785736608232823,0.0442073831730065
2004-02-12 17:52:39,0.0613833683285316,0.076713853215489,0.0818430099125934,0.0439692856096489
2004-02-12 18:02:39,0.0601161677816299,0.0753441085990527,0.0812540163093901,0.0442942526490551
2004-02-12 18:12:39,0.0622623174959714,0.0760855022217881,0.0821859465794228,0.0444321988378338
2004-02-12 18:22:39,0.0607936910981981,0.0749144001171932,0.0827846574539772,0.0442848283607598
2004-02-12 18:32:39,0.0617841203183749,0.0763423995312271,0.0812854631573807,0.0446770350114751
2004-02-12 18:42:39,0.0606246398749939,0.0747382196396308,0.0795068606865569,0.0437845109624493
2004-02-12 18:52:39,0.0615126715171639,0.0766940768592216,0.0810135260510767,0.0445395282972801
2004-02-12 19:02:39,0.0616358708921334,0.0762844865471947,0.0800745641877044,0.0447009131305239
2004-02-12 19:12:39,0.0623930855998828,0.0759687484740466,0.0802112896137506,0.0439321255920699
2004-02-12 19:22:39,0.0605772254504614,0.0761395575955857,0.0799947263049953,0.0453795107182967
2004-02-12 19:32:39,0.0603488939889643,0.0747895893354167,0.0813264319546853,0.0439118609307095
2004-02-12 19:42:39,0.0614618389569803,0.0762126080375018,0.0816172176375799,0.0447064309780751
2004-02-12 19:52:39,0.0609196738121978,0.076062210068851,0.0802263294106157,0.0438696713706724
2004-02-12 20:02:39,0.0609661604570535,0.0752733531910737,0.0794822501098686,0.0431289613750671
2004-02-12 20:12:39,0.0601970311050344,0.0748125885052981,0.0793470384296108,0.0429222618291908
2004-02-12 20:22:39,0.061612871722252,0.0769913081693442,0.0814636456858245,0.0431046437814346
2004-02-12 20:32:39,0.0620874066116509,0.0758313882513794,0.0809277308462327,0.0443757019385712
2004-02-12 20:42:39,0.0607788954538795,0.0758888129303188,0.0813672054299526,0.0433542165144782
2004-02-12 20:52:39,0.0622642218858342,0.0757171736901215,0.0812778455979295,0.0451602129010205
2004-02-12 21:02:39,0.0606543288246496,0.0763487474974364,0.0791669515113042,0.0443374188192782
2004-02-12 21:12:39,0.0608365642853655,0.0751469310024903,0.0807252795546657,0.0439891596269349
2004-02-12 21:22:39,0.06067879290981,0.076043312661751,0.0792748669368621,0.0443459153278968
2004-02-12 21:32:39,0.0608150788612725,0.0761584550026857,0.0813704282435665,0.0437197617071146
2004-02-12 21:42:39,0.0605109624493383,0.0761330143073392,0.0805001220762732,0.0436597001806728
2004-02-12 21:52:39,0.0605156990087406,0.0763306313784852,0.0804938717710825,0.043176766443674
2004-02-12 22:02:39,0.0607489623516773,0.0760494653059231,0.0805918257727428,0.0443599785145759
2004-02-12 22:12:39,0.059402656379706,0.0748650324722886,0.0798321695395283,0.0440230480003906
2004-02-12 22:22:39,0.0605270276868987,0.0767337760632843,0.0819328092192001,0.0442421993261389
2004-02-12 22:32:39,0.0607707895893354,0.0757229356902192,0.0806311831632403,0.045051223204258
2004-02-12 22:42:39,0.0617418330973192,0.0778015528101958,0.0811631427315787,0.0444024610576688
2004-02-12 22:52:39,0.0618935494897211,0.0769735338639582,0.08186283509937,0.0447098979442355
2004-02-12 23:02:39,0.0612433712583622,0.0754635480248059,0.0791927828507251,0.044677181503003
2004-02-12 23:12:39,0.060408955515406,0.0767302114361052,0.0805820596708823,0.0441536207822647
2004-02-12 23:22:39,0.0615953415694125,0.0760237316275208,0.0801343327310903,0.0437500854533912
2004-02-12 23:32:39,0.0600238781190487,0.075038136627765,0.0770436056448068,0.0439524390839396
2004-02-12 23:42:39,0.0608368572684213,0.0763316568191806,0.0823160798867132,0.0445761023487475
2004-02-12 23:52:39,0.0604813711607012,0.0748798769471165,0.0810040041017627,0.0433700375994921
2004-02-13 00:02:39,0.0591339420870159,0.0749814932369744,0.0795300063479662,0.0444410371600175
2004-02-13 00:12:39,0.0606782069436984,0.0756630694858147,0.0799371063040187,0.0440606474925533
2004-02-13 00:22:39,0.0607328482836076,0.0745400654328824,0.0778485277601445,0.0445430929244592
2004-02-13 00:32:39,0.0611045949509253,0.0763894233116851,0.0780230480003906,0.0436651691977147
2004-02-13 00:42:39,0.0607476439279261,0.0752276478343669,0.0787712290639191,0.0445798134674544
2004-02-13 00:52:39,0.0609150837443234,0.074950730016114,0.0789530738805605,0.043507202500122
2004-02-13 01:02:39,0.0588802187606816,0.0745100835001709,0.0785152595341569,0.0443429366668294
2004-02-13 01:12:39,0.0608413985057864,0.0761912691049367,0.081012451779872,0.0448476976414864
2004-02-13 01:22:39,0.0611907319693344,0.07577186386054,0.0818157136578934,0.0438404218956003
2004-02-13 01:32:39,0.0620576200009766,0.0756536940280287,0.0798678646418282,0.0435730260266614
2004-02-13 01:42:39,0.0600560574246789,0.0752663215977342,0.0810239269495581,0.0442245226817715
2004-02-13 01:52:39,0.0605787391962498,0.0753694028028712,0.0816943210117681,0.0435242931783778
2004-02-13 02:02:39,0.0593552907856829,0.075005176033986,0.0789331022022559,0.0441036671712486
2004-02-13 02:12:39,0.0614841056692221,0.0757763562673958,0.0811039113237951,0.0439323209141071
2004-02-13 02:22:39,0.0606813320962937,0.0760502954245812,0.0791047414424532,0.0440160652375604
2004-02-13 02:32:39,0.0614754138385663,0.0759456516431466,0.0799809072708628,0.0444927974998779
2004-02-13 02:42:39,0.0603702817520386,0.076395868938913,0.0792600224620342,0.0444072464475804
2004-02-13 02:52:39,0.0610713902045998,0.0754973875677523,0.0782223253088529,0.0448785096928561
2004-02-13 03:02:39,0.0598431564041212,0.0758376385565701,0.0791846769861809,0.0442728160554714
2004-02-13 03:12:39,0.0610947800185555,0.0753457200058596,0.0794472386346989,0.043947165388935
2004-02-13 03:22:39,0.0603544118365154,0.0757339713853215,0.079269349089311,0.0444347380243176
2004-02-13 03:32:39,0.060180819375946,0.0758579032179305,0.079969627423214,0.0439987304067581
2004-02-13 03:42:39,0.0602649055129645,0.0766603838078031,0.0784920650422383,0.0441522535280043
2004-02-13 03:52:39,0.0606764002148542,0.0759252404902583,0.0785448996533034,0.0442118755798623
2004-02-13 04:02:39,0.0611935641388739,0.0764244347868548,0.0796762537233263,0.0446150690951706
2004-02-13 04:12:39,0.060406367498413,0.0753593437179549,0.0789197714732164,0.0438726500317398
2004-02-13 04:22:39,0.0598358806582352,0.0757473997753796,0.0804234093461594,0.0436327945700473
2004-02-13 04:32:39,0.0598743590995654,0.0752934225303969,0.078849895014405,0.0439062454221397
2004-02-13 04:42:39,0.0610437521363347,0.0754125201425851,0.0798130768103911,0.0449834464573465
2004-02-13 04:52:39,0.0600976121880951,0.0758811953708677,0.0792837540895551,0.0440531764246301
2004-02-13 05:02:39,0.0601366277650275,0.0742312612920552,0.0792180282240343,0.0436255188241613
2004-02-13 05:12:39,0.0612938131744714,0.0766062796034962,0.0817948141999121,0.0450055666780604
2004-02-13 05:22:39,0.0598290932174422,0.0754155964646711,0.0794676497875872,0.0439756824063675
2004-02-13 05:32:39,0.0603492358025294,0.0761566971043507,0.0781843351726158,0.0435006103813662
2004-02-13 05:42:39,0.0594945553982128,0.0747451535719517,0.0796705893842472,0.04406787440793
2004-02-13 05:52:39,0.0622735485131109,0.0756756677572147,0.0806393866888031,0.0445124273646174
2004-02-13 06:02:39,0.0606950046388983,0.0755180428731871,0.0809888178133698,0.0438497973533863
2004-02-13 06:12:39,0.061149470188974,0.0770264173055325,0.0798512622686654,0.0447807021827237
2004-02-13 06:22:39,0.0606803066555984,0.0753729674300503,0.080427852922506,0.0441089896967625
2004-02-13 06:32:39,0.0605913862981591,0.0761004931881439,0.0780611846281556,0.0442379510718296
2004-02-13 06:42:39,0.0612516724449436,0.0760675325943649,0.08086913423507,0.0431992773084623
2004-02-13 06:52:39,0.0614048049221153,0.0751655842570438,0.0810177254748766,0.0442153425460227
2004-02-13 07:02:39,0.0622052346305972,0.0761398505786415,0.0791199765613555,0.0442903462083109
2004-02-13 07:12:39,0.0603382001074271,0.0743565603789247,0.0794949460422872,0.0434172078714781
2004-02-13 07:22:39,0.0605932906880218,0.0768288002343864,0.0792975242931783,0.043699155232189
2004-02-13 07:32:39,0.0602060647492553,0.075107622442502,0.0782049416475414,0.0430556179500952
2004-02-13 07:42:39,0.0599792470335465,0.0750964402558718,0.0792119244103716,0.043934078812442
2004-02-13 07:52:39,0.0602087992577762,0.0753305337174666,0.0793669612774061,0.0443066067679085
2004-02-13 08:02:39,0.0592574344450412,0.0749393036769373,0.0780290053225255,0.0437657600468772
2004-02-13 08:12:39,0.0601067923238439,0.0761532789686996,0.0811237365105718,0.0438330484886957
2004-02-13 08:22:39,0.0598809512183212,0.0754565652619756,0.0815203379071243,0.0439729967283558
2004-02-13 08:32:39,0.0600545925093998,0.0750059573221348,0.0790319839835929,0.0435972947897846
2004-02-13 08:42:39,0.0605481224669173,0.0756324039259729,0.0820429708481859,0.0435073489916499
2004-02-13 08:52:39,0.0610088383221837,0.0762169051223204,0.08019874017286,0.0441077689340299
2004-02-13 09:02:39,0.0614854240929732,0.075239464817618,0.0809262171004443,0.0435982225694614
2004-02-13 09:12:39,0.0613309243615411,0.0766633136383612,0.0804580301772547,0.0444350798378827
2004-02-13 09:22:39,0.0601477611211484,0.0761134821036183,0.0797672249621563,0.0439912105083256
2004-02-13 09:32:39,0.0611979588847111,0.0767197617071146,0.0800654817129742,0.0446550124517798
2004-02-13 09:42:39,0.0593925972947897,0.0755651154841545,0.0771469798329996,0.0428401289125445
2004-02-13 09:52:39,0.0604333219395478,0.075838908149812,0.0777283558767518,0.0439169881341862
2004-02-13 10:02:39,0.0609757312368768,0.075780751013233,0.0798761658284095,0.0440153816104302
2004-02-13 10:12:39,0.0602705210215342,0.0757105327408565,0.0801026905610625,0.0441527418330973
2004-02-13 10:22:39,0.0606345036378729,0.076508325601836,0.0809542946432931,0.0438194247766004
2004-02-13 10:32:39,0.0598410566922213,0.0750810586454416,0.0805321060598662,0.0439467259143512
2004-02-13 10:42:39,0.0597535035890424,0.0766269837394404,0.0824037306509107,0.0436592118755798
2004-02-13 10:52:39,0.0600663118316324,0.0758045803017725,0.0795463157380731,0.0436949069778797
2004-02-13 11:02:39,0.0596738610283705,0.0759322720835978,0.078583133942087,0.0449767078470628
2004-02-13 11:12:39,0.0599196738121978,0.074878656184384,0.0779931148981883,0.0436416817227403
2004-02-13 11:22:39,0.0604561257873919,0.0760686068655696,0.0796775233165682,0.0434689193808291
2004-02-13 11:32:39,0.0590756384589091,0.0751366277650275,0.0780895063235509,0.0438914986083304
2004-02-13 11:42:39,0.0619912105083256,0.0754332731090385,0.0801217832901997,0.0444558816348454
2004-02-13 11:52:39,0.0604460178719664,0.0762502563601738,0.0795099370086429,0.0438437423702329
2004-02-13 12:02:39,0.0602479613262366,0.075751501538161,0.0807762097758679,0.0448657649299282
2004-02-13 12:12:39,0.0603863469895991,0.0753334147175155,0.07877816299624,0.0437796279115191
2004-02-13 12:22:39,0.0610811563064602,0.0751227110698764,0.0775115484154499,0.0434178914986083
2004-02-13 12:32:39,0.0613757019385712,0.0768628839298793,0.0816943698422774,0.0444745348893989
2004-02-13 12:42:39,0.0620118169832511,0.0761537672737926,0.0775343522632941,0.0439771961521558
2004-02-13 12:52:39,0.0604698471605058,0.0747900288100004,0.0794984618389569,0.0433956736168758
2004-02-13 13:02:39,0.0609866204404512,0.0755068606865569,0.0792184188681087,0.0437955466575516
2004-02-13 13:12:39,0.0602820450217295,0.075268225987597,0.0778191317935446,0.0443945505151618
2004-02-13 13:22:39,0.0618938424727769,0.0766955417745007,0.0794055373797548,0.0441899995116949
2004-02-13 13:32:39,0.0604479710923384,0.075193417647346,0.0771153376629718,0.0443019190390155
2004-02-13 13:42:39,0.0608581962009863,0.0763277503784364,0.0808963328287514,0.043892719371063
2004-02-13 13:52:39,0.0600083988475999,0.0752988427169295,0.0765933883490404,0.0434491430245617
2004-02-13 14:02:39,0.0612646613604179,0.0754860100590849,0.0788907173201816,0.042973338541921
2004-02-13 14:12:39,0.0606085746374334,0.075923580252942,0.0798211826749352,0.0439075150153816
2004-02-13 14:22:39,0.0610793495776161,0.0760823282386835,0.0798287514038771,0.0438990673372723
2004-02-13 14:32:39,0.0613442550905805,0.0759902827286488,0.0789065872357048,0.0443075833780946
2004-02-13 14:42:39,0.0611392157820206,0.0766801113335612,0.0790978075101323,0.0449336881683676
2004-02-13 14:52:39,0.0604551491772059,0.0748018946237609,0.0776011524000195,0.0431327701547927
2004-02-13 15:02:39,0.0617601445383075,0.0755102788222081,0.0787755261487377,0.043683968943796
2004-02-13 15:12:39,0.0600307632208604,0.0753378094633527,0.0770897993066067,0.0435514429415498
2004-02-13 15:22:39,0.0596022266712241,0.0755066165340104,0.0776810391132379,0.0430521021534254
2004-02-13 15:32:39,0.0604718003808779,0.0751483470872601,0.0768721617266468,0.0440927779676742
2004-02-13 15:42:39,0.059729527808975,0.0758455490990771,0.0782896137506714,0.0439499487279652
2004-02-13 15:52:39,0.0615891889252404,0.0759712876605303,0.0780952194931393,0.0439796865081302
2004-02-13 16:02:39,0.0596377264514869,0.0753434738024317,0.0779237755749792,0.0439903315591581
2004-02-13 16:12:39,0.0594250695834757,0.0749574686263977,0.0777260120123052,0.044445480736364
2004-02-13 16:22:39,0.0604840568387128,0.075055422628058,0.0759914058303628,0.0438370525904585
2004-02-13 16:32:39,0.0602225694613994,0.0752604131061087,0.0771627520875042,0.0435785438742126
2004-02-13 16:42:39,0.0601918550710484,0.0755407490600127,0.079709653791689,0.0439479466770838
2004-02-13 16:52:39,0.0594833243810733,0.0745939743151521,0.0771864837150251,0.0431305239513648
2004-02-13 17:02:39,0.061542262805801,0.0754850334488988,0.0791278871038625,0.0441561599687484
2004-02-13 17:12:39,0.0600713413740905,0.0756518872991845,0.0798252356072073,0.043453879583964
2004-02-13 17:22:39,0.0614029493627618,0.0758203525562771,0.0785749304165242,0.0441221251037648
2004-02-13 17:32:39,0.0603354655989062,0.0758483324381073,0.0810151374578836,0.0440546901704184
2004-02-13 17:42:39,0.0618204013867864,0.0758749938961863,0.0789472142194443,0.0456605791298403
2004-02-13 17:52:39,0.0592638312417598,0.0749262659309536,0.0768273353191073,0.0435492943991405
2004-02-13 18:02:39,0.0605828409590312,0.0757324088090238,0.0777007178084867,0.0443020167000341
2004-02-13 18:12:39,0.0595949509253381,0.0750785682894672,0.077060598662044,0.0429415010498559
2004-02-13 18:22:39,0.0615601836027149,0.0749472142194443,0.0791926851897065,0.0447265979784169
2004-02-13 18:32:39,0.0611646076468577,0.0752676888519947,0.0767129742663215,0.0443769227013037
2004-02-13 18:42:39,0.0609708481859465,0.0753338053615899,0.076534498754822,0.0442062600712925
2004-02-13 18:52:39,0.0614621807705454,0.0754219444308804,0.0802239855461692,0.0446667317740124
2004-02-13 19:02:39,0.0600891156794765,0.075858782167098,0.0787799208945749,0.0444079300747106
2004-02-13 19:12:39,0.0599422823380047,0.0757950583524586,0.0809704087113628,0.0433202793105132
2004-02-13 19:22:39,0.0592445920210947,0.0739043410322769,0.0785118413985057,0.0428722593876654
2004-02-13 19:32:39,0.0603840031251525,0.0759388642023536,0.078674105180917,0.044085160408223
2004-02-13 19:42:39,0.0604741930758337,0.0748889594218467,0.0777411006396796,0.044247375360125
2004-02-13 19:52:39,0.0621694906977879,0.0761119683578299,0.0795588163484545,0.0439856438302651
2004-02-13 20:02:39,0.0605315200937545,0.0748955515406025,0.0778119048781678,0.0440802773572928
2004-02-13 20:12:39,0.0601855559353484,0.0759445773719419,0.0793736510571805,0.0433198398359295
2004-02-13 20:22:39,0.0609378387616582,0.0756894867913472,0.0792786268860784,0.0444885980760779
2004-02-13 20:32:39,0.059732604131061,0.0743639826163387,0.0780520044924068,0.0442374139362273
2004-02-13 20:42:39,0.0596668782655403,0.0752071878509692,0.077324771717369,0.0435098881781337
2004-02-13 20:52:39,0.0597399775379657,0.074570535670687,0.0778523853703794,0.0439187948630304
2004-02-13 21:02:39,0.0608913032862932,0.0758717222520631,0.0771692465452414,0.0443256506665364
2004-02-13 21:12:39,0.0604483129059036,0.0760859905268812,0.0775589140094731,0.0448546804043166
2004-02-13 21:22:39,0.06067039406221,0.0738931100151374,0.0758686947604863,0.0431410713413741
2004-02-13 21:32:39,0.059936666829435,0.0738863714048537,0.0772239367156599,0.0433129547341178
2004-02-13 21:42:39,0.0616660969773914,0.0758689389130328,0.0789364226768885,0.0448129303188632
2004-02-13 21:52:39,0.0608563894721422,0.0754080277357292,0.0796436837736217,0.0441401435616973
2004-02-13 22:02:39,0.0608065335221446,0.0747153669612774,0.0785460227550173,0.0429442355583768
2004-02-13 22:12:39,0.0619813467454465,0.0759173299477513,0.0805499780262708,0.0447989647932028
2004-02-13 22:22:39,0.0610279310513208,0.0750270521021534,0.0784002636847502,0.0447653205722935
2004-02-13 22:32:39,0.0605473411787685,0.0752477171736901,0.0772317495971482,0.0447630743688656
2004-02-13 22:42:39,0.0612852190048342,0.0754969969236779,0.079614971434152,0.044073196933444
2004-02-13 22:52:39,0.061170467307974,0.0746874847404658,0.077206015918746,0.0440765174080765
2004-02-13 23:02:39,0.0617401728600029,0.0757943747253283,0.0784350798378827,0.0444303432784804
2004-02-13 23:12:39,0.0611825284437716,0.074754089555154,0.0766566726890961,0.0437787977928609
2004-02-13 23:22:39,0.0608338297768445,0.0748434005566678,0.0777870013184237,0.0440900434591532
2004-02-13 23:32:39,0.0598276771326724,0.0748889594218467,0.0777832901997167,0.0434881586014942
2004-02-13 23:42:39,0.0610632843400556,0.0746377264514868,0.0779640607451535,0.0434476781092826
2004-02-13 23:52:39,0.0610013184237511,0.0741277894428439,0.0781728111724205,0.0436820645539333
2004-02-14 00:02:39,0.0604159871087455,0.0743091459543923,0.0780713902045998,0.0440399433566092
2004-02-14 00:12:39,0.0599615215586698,0.0746802578250891,0.0779510229991698,0.0435577420772498
2004-02-14 00:22:39,0.0601958591728111,0.0749798329996582,0.0776275208750427,0.0445565213145173
2004-02-14 00:32:39,0.0615253674495825,0.0755528101958103,0.0773311196835783,0.0439131793544606
2004-02-14 00:42:39,0.0611715415791786,0.0754617412959617,0.0789899409150837,0.0445032472288686
2004-02-14 00:52:39,0.0608585380145514,0.0750503442550905,0.0760703159333951,0.0446909028761169
2004-02-14 01:02:39,0.0612396601396552,0.074749401826261,0.0790750036622882,0.0452768201572342
2004-02-14 01:12:39,0.0600091801357488,0.0750647004248254,0.0751977635626739,0.0438147370477074
2004-02-14 01:22:39,0.061500903364422,0.075196005664339,0.0785665315689242,0.0454064651594316
2004-02-14 01:32:39,0.0605117925679964,0.0753573416670735,0.0763942087015967,0.0433841984471898
2004-02-14 01:42:39,0.0614376190243664,0.0747794325894819,0.0765120367205429,0.0440477562380975
2004-02-14 01:52:39,0.0618683529469212,0.0750227550173348,0.0792376580887738,0.0438548268958445
2004-02-14 02:02:39,0.0616233214512427,0.0755955368914497,0.0774445529566873,0.0440532740856487
2004-02-14 02:12:39,0.0608874456760584,0.0751324283412276,0.0779232384393769,0.0447439328092192
2004-02-14 02:22:39,0.0607465696567215,0.0746684408418379,0.0775139411104058,0.0439335416768396
2004-02-14 02:32:39,0.0613483568533619,0.0748000878949167,0.0771627520875042,0.0436657551638263
2004-02-14 02:42:39,0.060202304800039,0.0737543825382098,0.0778590263196445,0.0439665511011279
2004-02-14 02:52:39,0.0608790468284584,0.0750607451535719,0.0800353044582255,0.0451520093754577
2004-02-14 03:02:39,0.0594876214658918,0.0740199716783046,0.0760608428145905,0.0438727965232677
2004-02-14 03:12:39,0.0606264954343473,0.0759615215586698,0.0770038576102348,0.0439979979491186
2004-02-14 03:22:39,0.0612692514282924,0.07537438351482,0.0796853361980565,0.0444216026173153
2004-02-14 03:32:39,0.0597146833341471,0.0755483177889545,0.0802595829874505,0.0445953903999218
2004-02-14 03:42:39,0.0607844133014307,0.0752814102251086,0.0769803701352605,0.0447908589286586
2004-02-14 03:52:39,0.0600630890180184,0.0748642023536305,0.0809500952194931,0.0447845597929586
2004-02-14 04:02:39,0.0601293520191415,0.0760384296108208,0.0778844670149909,0.0444726304995361
2004-02-14 04:12:39,0.0598299233361004,0.0744848869573709,0.0764506567703501,0.043972215440207
2004-02-14 04:22:39,0.0599438449143024,0.0756946139948239,0.0768392987938864,0.0443307290395038
2004-02-14 04:32:39,0.0617704966062796,0.0752047463255041,0.0782903462083109,0.0439090775916792
2004-02-14 04:42:39,0.0606182919087846,0.074757312368768,0.0777653205722935,0.0438414473362957
2004-02-14 04:52:39,0.0603328287514038,0.0749309048293373,0.0783854192099223,0.0443275062258899
2004-02-14 05:02:39,0.0605539332975242,0.0755727818741149,0.0781297426632159,0.0444650617705942
2004-02-14 05:12:39,0.0604658918892524,0.0755251232970359,0.0772280873089506,0.0440058108306069
2004-02-14 05:22:39,0.0608024317593632,0.0754108599052688,0.0775531031788661,0.0447874896235167
2004-02-14 05:32:39,0.0595015869915523,0.0741513257483275,0.0765570096196103,0.0435885541286195
2004-02-14 05:42:39,0.0617294789784657,0.0761928805117437,0.0788975047609746,0.0437930074710679
2004-02-14 05:52:39,0.0611428780702182,0.0754747790419454,0.0777448117583866,0.0444149616680502
2004-02-14 06:02:39,0.0610660676790859,0.075409932125592,0.0771194882562625,0.0439397919820303
2004-02-14 06:12:39,0.0611261292055276,0.0744996337711802,0.0777609258264563,0.0442728160554714
2004-02-14 06:22:39,0.0597357292836564,0.0739840812539674,0.0786889984862542,0.0432197861223692
2004-02-14 06:32:39,0.0598934518287025,0.0751318912056252,0.0779340299819327,0.0435241466868499
2004-02-14 06:42:39,0.0619328580497094,0.0744001660237316,0.078370672396113,0.044058987255237
2004-02-14 06:52:39,0.061505102788222,0.075125396747888,0.0765549587382196,0.0438037013526051
2004-02-14 07:02:39,0.0612483031398017,0.0754645246349919,0.0784368865667268,0.0447202988427169
2004-02-14 07:12:39,0.0616261047902729,0.0749090775916792,0.0795779090775916,0.0439447726939792
2004-02-14 07:22:39,0.0598355388446701,0.075046535475365,0.0785703891791591,0.0439309048293373
2004-02-14 07:32:39,0.0601723228673275,0.074794325894819,0.0772543092924459,0.0446040822305776
2004-02-14 07:42:39,0.061058498950144,0.0748689389130328,0.0775123785341081,0.0432001074271204
2004-02-14 07:52:39,0.0615174569070755,0.0747484740465843,0.0763125152595341,0.0449009717271351
2004-02-14 08:02:39,0.0602327750378436,0.0749537086771815,0.0771603593925484,0.0437981346745446
2004-02-14 08:12:39,0.0614970945846965,0.0746253723326334,0.0789874505591093,0.0441569412568973
2004-02-14 08:22:39,0.0615282484496313,0.0749227989647932,0.0775495873821963,0.0446251770105962
2004-02-14 08:32:39,0.0620918501879974,0.0749967283558767,0.0777962302846818,0.0441190487816788
2004-02-14 08:42:39,0.0605230724156452,0.0746293764343962,0.0759420870159675,0.0437772840470726
2004-02-14 08:52:39,0.0617821670980028,0.0744878656184384,0.0765287367547243,0.0441267151716392
2004-02-14 09:02:39,0.060193905952439,0.0742403437667854,0.0749697739147419,0.043916792812149
2004-02-14 09:12:39,0.0612180282240343,0.0748766053029933,0.0767705942672982,0.0439475560330094
2004-02-14 09:22:39,0.060753112944968,0.0739449191855071,0.0777619512671517,0.0439072220323258
2004-02-14 09:32:39,0.0604830802285267,0.072824210166512,0.0773312661751062,0.0434305386005176
2004-02-14 09:42:39,0.0611419014600322,0.0742421993261389,0.0785667268909614,0.0435636993993847
2004-02-14 09:52:39,0.0615954392304311,0.0750616729332487,0.0770965867473997,0.0444191122613408
2004-02-14 10:02:39,0.0599197226427071,0.0740697299672835,0.0758244543190585,0.0438726500317398
2004-02-14 10:12:39,0.0609958982372186,0.0757332877581913,0.0776329410615752,0.0435478783143708
2004-02-14 10:22:39,0.0599141559646467,0.0739636701010791,0.0765783973826847,0.0435739049758289
2004-02-14 10:32:39,0.0607999902338981,0.075745690707554,0.0781711997656135,0.0441948337321158
2004-02-14 10:42:39,0.0601241759851555,0.0743338053615899,0.0758767517945212,0.0438236730309097
2004-02-14 10:52:39,0.0608568777772352,0.0757860247082377,0.0765536891449777,0.044388593193027
2004-02-14 11:02:39,0.0601764246301088,0.0736825528590263,0.0787717173690121,0.0442754040724644
2004-02-14 11:12:39,0.0613151032765271,0.0751551833585624,0.0802851213438156,0.0451010791542555
2004-02-14 11:22:39,0.0605467063821475,0.0745850871624591,0.0811469310024903,0.0452760388690854
2004-02-14 11:32:39,0.0614049025831339,0.0751078177645392,0.0777714732164656,0.0447599492162703
2004-02-14 11:42:39,0.0603128570730992,0.074148981883881,0.0778883246252258,0.0446253723326334
2004-02-14 11:52:39,0.0617600957077982,0.0742604131061087,0.0778992138288002,0.0446479808584403
2004-02-14 12:02:39,0.0609932613897162,0.0755851359929684,0.0815796181454172,0.0439681136774256
2004-02-14 12:12:39,0.0607832901997167,0.0751145563748229,0.0788571219297817,0.0450508325601836
2004-02-14 12:22:39,0.0614160359392548,0.0746110649934078,0.0780120123052883,0.0438648371502514
2004-02-14 12:32:39,0.0624501684652571,0.0752952780897504,0.0781265686801113,0.0444107622442502
2004-02-14 12:42:39,0.0594595439230431,0.0749216758630792,0.0788743590995654,0.0436901704184774
2004-02-14 12:52:39,0.0607352898090727,0.0741164119341765,0.0769165974901118,0.0445840128912544
2004-02-14 13:02:39,0.0599229942868304,0.0745100346696616,0.0778611748620538,0.0435052004492406
2004-02-14 13:12:39,0.0618376385565701,0.0742653449875482,0.0773124664290248,0.0441586014942135
2004-02-14 13:22:39,0.0606878265540309,0.0740563015772254,0.0753616387518921,0.0442456662922994
2004-02-14 13:32:39,0.0612657844621319,0.0743444015821085,0.0759190390155769,0.0441429269007275
2004-02-14 13:42:39,0.0608179598613213,0.0753383954294643,0.076930855998828,0.0439632306264954
2004-02-14 13:52:39,0.0599944333219395,0.0737170271985936,0.0764677474486058,0.044023438644465
2004-02-14 14:02:39,0.0611041066458323,0.0745818643488451,0.0754116411934176,0.0449657698129791
2004-02-14 14:12:39,0.0615749304165242,0.0759837394404023,0.0790030274915767,0.0442290150886273
2004-02-14 14:22:39,0.0620305678988231,0.0757977928609795,0.0784674056350407,0.0443617364129107
2004-02-14 14:32:39,0.0615770301284242,0.074336735192148,0.0742443966990575,0.0437419307583378
2004-02-14 14:42:39,0.0604485570584501,0.0743422530396992,0.0751456614092485,0.0445471946872405
2004-02-14 14:52:39,0.0613898627862688,0.074826798183505,0.0771136285951462,0.0441996679525367
2004-02-14 15:02:39,0.0608168367596074,0.0740324234581766,0.0772940573270179,0.0431053762390741
2004-02-14 15:12:39,0.0618088773865911,0.0747038429610821,0.0763891303286293,0.0437839249963377
2004-02-14 15:22:39,0.0601542555788856,0.0738788515064212,0.0773647150739782,0.0436592607060891
2004-02-14 15:32:39,0.0607393427413448,0.0744392304311733,0.077047512085551,0.0438000390644074
2004-02-14 15:42:39,0.0603122711069876,0.0743329752429318,0.0757333854192099,0.0432625128180087
2004-02-14 15:52:39,0.0614636945163338,0.0745071536696127,0.0775374774158894,0.0439370086430001
2004-02-14 16:02:39,0.0615881634845451,0.0733749206504223,0.0775631622637824,0.0440763709165486
2004-02-14 16:12:39,0.0601231505444601,0.0755984178914986,0.0761073782899555,0.0443113921578202
2004-02-14 16:22:39,0.0613945993456711,0.0741296938327066,0.0767231310122564,0.0441315982225694
2004-02-14 16:32:39,0.0614456760584012,0.0751509351042531,0.0772416133600273,0.0439679671858977
2004-02-14 16:42:39,0.0602990380389667,0.0744552956687338,0.0773840031251526,0.0438675228282631
2004-02-14 16:52:39,0.0616865569607891,0.0752479124957273,0.0763228673275062,0.0439656721519605
2004-02-14 17:02:39,0.0598839298793886,0.073894819082963,0.0785441183651545,0.0445924605693637
2004-02-14 17:12:39,0.0613999218711851,0.07527711314029,0.077832609014112,0.0439997558474534
2004-02-14 17:22:39,0.0615971482982567,0.0750058108306069,0.0763579276331852,0.0438762634894282
2004-02-14 17:32:39,0.0610608916450998,0.0742071390204599,0.0766120416035939,0.0441452219346647
2004-02-14 17:42:39,0.0603487474974364,0.0746582840959031,0.0774476292787733,0.0438836857268421
2004-02-14 17:52:39,0.0591972752575809,0.0744522193466477,0.0757589237755749,0.0445049074661848
2004-02-14 18:02:39,0.0594586649738756,0.0740663118316324,0.0752747204453342,0.0436444162312613
2004-02-14 18:12:39,0.060335758581962,0.0741642658332926,0.0770710483910347,0.0431110405781532
2004-02-14 18:22:39,0.0613144196493969,0.0745356706870452,0.0763092436154109,0.0439536598466722
2004-02-14 18:32:39,0.0592591923433761,0.0747165388935006,0.0764150104985594,0.0442003027491576
2004-02-14 18:42:39,0.0623840031251526,0.0755179452121685,0.0779204062698373,0.0443494799550759
2004-02-14 18:52:39,0.0614059280238293,0.0747785048098051,0.077777674691147,0.0447013526051076
2004-02-14 19:02:39,0.0619362273548513,0.0746931002490356,0.0773486010059084,0.0437857805556912
2004-02-14 19:12:39,0.0609728502368279,0.0750206064749255,0.0765155036867034,0.044835685336198
2004-02-14 19:22:39,0.0608159578104399,0.0745576444162312,0.0755071536696127,0.0434186239562478
2004-02-14 19:32:39,0.0604829825675081,0.0741493236974461,0.0764665266858733,0.043880121099663
2004-02-14 19:42:39,0.0609037550661653,0.0742397089701645,0.0780356462717906,0.0439495092533815
2004-02-14 19:52:39,0.0603199374969481,0.072225889936032,0.07657312368768,0.0443538747009131
2004-02-14 20:02:39,0.0614682845842082,0.0743250647004248,0.0779900385761023,0.0443770203623223
2004-02-14 20:12:39,0.0603828800234386,0.0743926461252991,0.0782288685970994,0.0440450217295766
2004-02-14 20:22:39,0.0619928219151325,0.0741064505102788,0.0775309829581522,0.0443824405488549
2004-02-14 20:32:39,0.0607841203183749,0.0729950681185604,0.0761633380536158,0.0444169148884222
2004-02-14 20:42:39,0.0607619512671517,0.0737201035206797,0.0756545729771961,0.0431572342399531
2004-02-14 20:52:39,0.0595876263489428,0.0729479955075931,0.0758024317593632,0.0429290004394745
2004-02-14 21:02:39,0.0604761462962058,0.0734181356511548,0.0775245373309243,0.0440927291371649
2004-02-14 21:12:39,0.0607665413350261,0.0745439718736266,0.0784345915327897,0.0441347233751648
2004-02-14 21:22:39,0.0605511987890033,0.0747009131305239,0.076122320425802,0.0441272523072415
2004-02-14 21:32:39,0.0611518140534205,0.0745439718736266,0.0764661360417989,0.0441482982567508
2004-02-14 21:42:39,0.0599991210508325,0.0745050539577127,0.074513989940915,0.0440154304409395
2004-02-14 21:52:39,0.0618246496410957,0.0752105571561111,0.0777331412666634,0.0436930025880169
2004-02-14 22:02:39,0.0615808389081498,0.074748913521168,0.0770251477122906,0.0441511304262903
2004-02-14 22:12:39,0.0601211484935787,0.0743377606328434,0.0771982030372576,0.0437448117583866
2004-02-14 22:22:39,0.0609297817276234,0.074762488402754,0.076070608916451,0.0437474486058889
2004-02-14 22:32:39,0.0604231163631036,0.0741938571219297,0.0771697836808438,0.0435371356023243
2004-02-14 22:42:39,0.0594523170076663,0.0731453684261926,0.074777186386054,0.0433558767517945
2004-02-14 22:52:39,0.0606022266712241,0.0735438253820987,0.0766136041798916,0.0439599589823721
2004-02-14 23:02:39,0.0613445480736364,0.0741005908491625,0.0772695444113482,0.0444050002441525
2004-02-14 23:12:39,0.0612204209189901,0.0744917720591825,0.0781674886469065,0.0445131109917476
2004-02-14 23:22:39,0.0604336637531129,0.0749198203037257,0.0775575955857219,0.0438320718785096
2004-02-14 23:32:39,0.0609622540163094,0.0742067483763855,0.0766161433663753,0.0442577762586063
2004-02-14 23:42:39,0.0610061038136627,0.0748086332340446,0.0791499096635578,0.0441590897993066
2004-02-14 23:52:39,0.0605921187557986,0.0741037648322672,0.0756804531471263,0.043240587919332
2004-02-15 00:02:39,0.0616114556374823,0.0740148444748278,0.0764208213291664,0.0437686410469261
2004-02-15 00:12:39,0.0597397822159285,0.0737916890473167,0.0768224034376678,0.0435989061965916
2004-02-15 00:22:39,0.0592711069876458,0.0745373797548708,0.074422042091899,0.0443628106841154
2004-02-15 00:32:39,0.0597998925728795,0.0739614238976512,0.0762165633087553,0.0439402314566141
2004-02-15 00:42:39,0.0612721812588505,0.0735995898237218,0.076825186776698,0.0440459495092533
2004-02-15 00:52:39,0.0614368865667269,0.0743849309048293,0.0761949313931344,0.0435502710093266
2004-02-15 01:02:39,0.0600316421700278,0.0744715562283314,0.0793439132770154,0.04358152253528
2004-02-15 01:12:39,0.0613802920064456,0.0746862639777333,0.0763070950730016,0.04530020997119
2004-02-15 01:22:39,0.0608050197763562,0.0740398945260999,0.075294887445676,0.0441099174764392
2004-02-15 01:32:39,0.0604750720250012,0.0733212559206992,0.0755267347038429,0.043839396454905
2004-02-15 01:42:39,0.0599296352360955,0.0742341911226134,0.0756941256897309,0.0434425020752966
2004-02-15 01:52:39,0.0617742565554958,0.073412031837492,0.0771703208164461,0.043475365008057
2004-02-15 02:02:39,0.0611350163582206,0.0747746960300796,0.0800468284584208,0.0443621270569852
2004-02-15 02:12:39,0.0611203672054299,0.0730999560525416,0.0772171492748669,0.0439575662874163
2004-02-15 02:22:39,0.0607586307925191,0.0744873773133453,0.0785688754333707,0.0431847746471995
2004-02-15 02:32:39,0.0593522632941061,0.0728204502172957,0.0780416035939254,0.0433261878021387
2004-02-15 02:42:39,0.0604542702280384,0.0750394062210068,0.0772856584794179,0.0444610088383221
2004-02-15 02:52:39,0.0601239806631183,0.0737612188095121,0.0775829386200498,0.0433249182088969
2004-02-15 03:02:39,0.0598728941842863,0.0727605840128912,0.075613994823966,0.04478446213194
2004-02-15 03:12:39,0.0592117779188436,0.0747078958933541,0.0765849406709311,0.0435176033986034
2004-02-15 03:22:39,0.06146745446555,0.0734332731090385,0.078218614190146,0.0444290248547292
2004-02-15 03:32:39,0.0616184872308218,0.0746447092143171,0.0759997558474535,0.044277601445383
2004-02-15 03:42:39,0.0612539186483715,0.0737507202500122,0.0771357488158601,0.0436510571805264
2004-02-15 03:52:39,0.061407832413692,0.0755016846525709,0.0780654328824649,0.04426451486889
2004-02-15 04:02:39,0.062244152546511,0.0748847599980467,0.0774229210410664,0.043310073734069
2004-02-15 04:12:39,0.0618727965232677,0.0750799355437277,0.0768892035743932,0.0437767469114702
2004-02-15 04:22:39,0.0608945260999072,0.074325748327555,0.0766623370281752,0.0442637824112505
2004-02-15 04:32:39,0.0606286928072659,0.0748607842179794,0.0771821377996972,0.0441096733238927
2004-02-15 04:42:39,0.0616701987401728,0.0739225548122466,0.0766206357732311,0.0437825577420772
2004-02-15 04:52:39,0.0588054592509399,0.0731297426632159,0.0742080179696274,0.0433574881586015
2004-02-15 05:02:39,0.0609772449826651,0.0740604521705161,0.0785951462473753,0.0436994482152448
2004-02-15 05:12:39,0.0609019483373211,0.074166756189267,0.0770233898139557,0.0438977489135211
2004-02-15 05:22:39,0.0594300014649152,0.0731060598662044,0.0754782948386151,0.0434381073294594
2004-02-15 05:32:39,0.0604427950583524,0.0744933346354802,0.0776188778748962,0.0432191513257483
2004-02-15 05:42:39,0.0582929342253039,0.0726448068753357,0.0739284633038722,0.0435037355339616
2004-02-15 05:52:39,0.0608308511157771,0.0734871331607988,0.0752133893256506,0.0442379022413203
2004-02-15 06:02:39,0.0604590556179501,0.0738434005566678,0.0769098100493188,0.0444082230577665
2004-02-15 06:12:39,0.0603554372772108,0.0746666829435031,0.075705942672982,0.0434236046681966
2004-02-15 06:22:39,0.060025538356365,0.0725154060256848,0.075792226182919,0.0436391913667659
2004-02-15 06:32:39,0.0602989403779481,0.0736287904682845,0.0780364275599394,0.0433526539381805
2004-02-15 06:42:39,0.0599797353386395,0.073318960886762,0.076727916402168,0.0446748864690658
2004-02-15 06:52:39,0.0607404658430587,0.073129107866595,0.0767003271644123,0.0436972020118169
2004-02-15 07:02:39,0.0607490600126959,0.0752231554275111,0.076518824161336,0.0443162752087504
2004-02-15 07:12:39,0.0600929244592021,0.0739533668636164,0.0765988573660823,0.0435599394501684
2004-02-15 07:22:39,0.0600859416963719,0.0721403877142438,0.075312661751062,0.0441889740709995
2004-02-15 07:32:39,0.0606940768592216,0.0740870647980858,0.0775814248742614,0.0436476390448752
2004-02-15 07:42:39,0.0607309927242541,0.0739939450168465,0.0772072855119878,0.0439269007275745
2004-02-15 07:52:39,0.0606310366717124,0.0737644416231261,0.0768494067093119,0.0433323404463108
2004-02-15 08:02:39,0.0613458664973875,0.0738172274036818,0.0760172860002929,0.0439553200839884
2004-02-15 08:12:39,0.0606156550612822,0.0731284242394648,0.0766948093168611,0.0443821963963084
2004-02-15 08:22:39,0.0603586600908247,0.0731029835441183,0.0754917720591825,0.0430179207969139
2004-02-15 08:32:39,0.0601641193417647,0.0744040724644757,0.0776780116216612,0.044458079007764
2004-02-15 08:42:39,0.0615432394159871,0.0745436788905708,0.0768674739977538,0.0438687924215049
2004-02-15 08:52:39,0.0607919331998632,0.0735227794325894,0.0769344206260071,0.0440019043898627
2004-02-15 09:02:39,0.0605997363152497,0.0744673568045314,0.0782932272083598,0.0436922212998681
2004-02-15 09:12:39,0.060274036818204,0.074159480443381,0.0756836759607402,0.043770887250354
2004-02-15 09:22:39,0.0612464475804482,0.0747415401142633,0.0778028712339469,0.0443326822598759
2004-02-15 09:32:39,0.0606580887738659,0.0738454514380585,0.0764256555495873,0.0442108989696762
2004-02-15 09:42:39,0.0605078861272523,0.0735268811953708,0.07737858293862,0.0432515259534157
2004-02-15 09:52:39,0.0598793398115142,0.0736744958249914,0.0763846867522828,0.0450477562380975
2004-02-15 10:02:39,0.0606857756726402,0.074631769129352,0.0772343864446506,0.0441757410029786
2004-02-15 10:12:39,0.0612592411738854,0.073824698471605,0.0763697446164363,0.0438617119976561
2004-02-15 10:22:39,0.0612386835294692,0.0738458909126422,0.0762579227501342,0.0438919869134235
2004-02-15 10:32:39,0.060959128863714,0.0744984618389569,0.0762893207676156,0.0432292104106645
2004-02-15 10:42:39,0.0603073880560574,0.0732266712241808,0.0751885834269251,0.043280335953904
2004-02-15 10:52:39,0.0612886371404853,0.0741064993407881,0.0769458469651838,0.0437861223692563
2004-02-15 11:02:39,0.0616556472484008,0.0747599980467796,0.0760695834757556,0.0435476829923336
2004-02-15 11:12:39,0.0605741002978661,0.0737339225548122,0.0783349772938131,0.0449902827286488
2004-02-15 11:22:39,0.06017984276576,0.0729304165242443,0.0766487621465892,0.0435366472972313
2004-02-15 11:32:39,0.0615552028907661,0.0749882318472581,0.0749329068802187,0.0445469017041847
2004-02-15 11:42:39,0.0617890521998144,0.0737548708433028,0.0761920503930856,0.0440515650178231
2004-02-15 11:52:39,0.0608174715562283,0.0741450754431368,0.0782372674446994,0.0436402168074613
2004-02-15 12:02:39,0.0612511841398505,0.0739612774061233,0.0758434493871771,0.0434859612285756
2004-02-15 12:12:39,0.0605416768396894,0.0734870843302895,0.0760823770691928,0.0439399384735582
2004-02-15 12:22:39,0.0605253186190732,0.0743828311929293,0.0781423409346159,0.0441744225792275
2004-02-15 12:32:39,0.0609201132867815,0.073339323209141,0.077637433468431,0.0429147907612676
2004-02-15 12:42:39,0.0617888080472679,0.0742046486644855,0.0795953903999218,0.0443179354460667
2004-02-15 12:52:39,0.0616524732652961,0.0743315103276527,0.0758262610479027,0.0437428097075052
